id,product_type,datetime,orbit_state,grid_code,mission_phase,polarisations
BIO_S1_DGM__1S_20260211T224902_20260211T224922_T_G01_M02_C01_T029_F158_01_DMPL7I,S1_DGM__1S,2026-02-11T22:49:02.000Z,descending,WRS-29-158,TOMOGRAPHIC,"HH,HV,VH,VV"
BIO_S1_DGM__1S_20260214T224903_20260214T224924_T_G01_M02_C02_T029_F158_01_DMV6BK,S1_DGM__1S,2026-02-14T22:49:03.840Z,descending,WRS-29-158,TOMOGRAPHIC,"HH,HV,VH,VV"
BIO_S1_DGM__1S_20260217T224905_20260217T224925_T_G01_M02_C03_T029_F158_01_DN0PVG,S1_DGM__1S,2026-02-17T22:49:05.637Z,descending,WRS-29-158,TOMOGRAPHIC,"HH,HV,VH,VV"
BIO_S1_DGM__1S_20260220T224907_20260220T224927_T_G01_M02_C04_T029_F158_01_DN69AX,S1_DGM__1S,2026-02-20T22:49:07.442Z,descending,WRS-29-158,TOMOGRAPHIC,"HH,HV,VH,VV"
BIO_S1_DGM__1S_20260223T224909_20260223T224929_T_G01_M02_C05_T029_F158_01_DNBVWI,S1_DGM__1S,2026-02-23T22:49:09.093Z,descending,WRS-29-158,TOMOGRAPHIC,"HH,HV,VH,VV"
BIO_S1_DGM__1S_20260226T224910_20260226T224931_T_G01_M02_C06_T029_F158_01_DNHI3O,S1_DGM__1S,2026-02-26T22:49:10.952Z,descending,WRS-29-158,TOMOGRAPHIC,"HH,HV,VH,VV"
BIO_S1_DGM__1S_20260301T224912_20260301T224933_T_G01_M02_C07_T029_F158_01_DNMZZO,S1_DGM__1S,2026-03-01T22:49:12.783Z,descending,WRS-29-158,TOMOGRAPHIC,"HH,HV,VH,VV"
BIO_S2_DGM__1S_20260304T103122_20260304T103142_T_G01_M02_C01_T021_F308_01_DNRJ2Z,S2_DGM__1S,2026-03-04T10:31:22.179Z,ascending,WRS-21-308,TOMOGRAPHIC,"HH,HV,VH,VV"
BIO_S2_DGM__1S_20260307T103124_20260307T103144_T_G01_M02_C02_T021_F308_01_DNX2U6,S2_DGM__1S,2026-03-07T10:31:24.217Z,ascending,WRS-21-308,TOMOGRAPHIC,"HH,HV,VH,VV"
BIO_S2_DGM__1S_20260310T103126_20260310T103146_T_G01_M02_C03_T021_F308_01_DO2MHL,S2_DGM__1S,2026-03-10T10:31:26.171Z,ascending,WRS-21-308,TOMOGRAPHIC,"HH,HV,VH,VV"
BIO_S2_DGM__1S_20260313T103128_20260313T103148_T_G01_M02_C04_T021_F308_01_DO86Y9,S2_DGM__1S,2026-03-13T10:31:28.063Z,ascending,WRS-21-308,TOMOGRAPHIC,"HH,HV,VH,VV"
BIO_S2_DGM__1S_20260316T103130_20260316T103150_T_G01_M02_C05_T021_F308_01_DODQ7E,S2_DGM__1S,2026-03-16T10:31:30.091Z,ascending,WRS-21-308,TOMOGRAPHIC,"HH,HV,VH,VV"
BIO_S2_DGM__1S_20260319T103132_20260319T103152_T_G01_M02_C06_T021_F308_01_DOJAK2,S2_DGM__1S,2026-03-19T10:31:32.312Z,ascending,WRS-21-308,TOMOGRAPHIC,"HH,HV,VH,VV"
BIO_S2_DGM__1S_20260322T103134_20260322T103154_T_G01_M02_C07_T021_F308_01_DOOUJN,S2_DGM__1S,2026-03-22T10:31:34.534Z,ascending,WRS-21-308,TOMOGRAPHIC,"HH,HV,VH,VV"
