site,scene,biomass_date,row,col,x,y,fh,coverage,n_fine,fh_quality,als_mean,als_p50,als_p90,als_p95,als_p99,als_max,eth_coverage,eth_mean,eth_p50,eth_p90,eth_p95,eth_p99,eth_max,reject_reason
Ipassa_LAS_Simple,BIO_FP_FH__L2A_20260306T172102_20260318T172131_T_G01_M02_C___T011_F155,2026-03-06,14,6,12.771629333496094,0.5222268402576447,32.6349983215332,0.9429700421189859,8233,0.01140000019222498,19.0190194860797,19.015167,29.743774,33.0972,39.41922,43.348186,1.0,35.169867125339266,35.0,37.0,37.0,38.0,38.0,0
Ipassa_LAS_Simple,BIO_FP_FH__L2A_20260306T172102_20260318T172131_T_G01_M02_C___T011_F155,2026-03-06,15,6,12.771629333496094,0.5213935077190399,31.316999435424805,0.907592053633368,7983,0.4814000129699707,21.485147094645317,21.82767,34.41817,38.2489,40.212475,43.346886,1.0,33.81834380328139,34.0,37.0,37.0,38.4147834777832,39.0,0
Ipassa_LAS_Simple,BIO_FP_FH__L2A_20260306T172102_20260318T172131_T_G01_M02_C___T011_F155,2026-03-06,15,7,12.772462844848633,0.5213935077190399,30.645999908447266,1.0,8649,0.0,25.605912939718465,26.481297,37.590885,39.32365,42.85441,45.588886,1.0,38.20792132353477,38.0,40.0,40.0,40.0,40.0,0
Ipassa_LAS_Simple,BIO_FP_FH__L2A_20260306T172102_20260318T172131_T_G01_M02_C___T011_F155,2026-03-06,15,8,12.773296356201172,0.5213935077190399,27.510799407958984,1.0,8649,0.0,22.866217825037577,22.49558,34.107105,35.97703,38.0274,40.02113,1.0,37.223575269628746,37.0,39.36347961425781,40.0,40.0,40.0,0
Ipassa_LAS_Simple,BIO_FP_FH__L2A_20260306T172102_20260318T172131_T_G01_M02_C___T011_F155,2026-03-06,15,9,12.774129867553711,0.5213935077190399,25.05500030517578,1.0,8649,0.0,22.35497036326454,22.685326,33.122337,35.30501,38.525772,42.407856,1.0,35.88704677515187,36.0,38.0,38.52260971069336,39.0,40.0,0
Ipassa_LAS_Simple,BIO_FP_FH__L2A_20260306T172102_20260318T172131_T_G01_M02_C___T011_F155,2026-03-06,15,10,12.77496337890625,0.5213935077190399,24.298999786376953,1.0,8649,0.0,26.320460638513122,25.096493,38.545406,40.21356,43.653698,45.65673,1.0,35.98285952076387,36.0,38.0,38.0,39.0,39.0,0
Ipassa_LAS_Simple,BIO_FP_FH__L2A_20260306T172102_20260318T172131_T_G01_M02_C___T011_F155,2026-03-06,16,7,12.772462844848633,0.5205601751804352,32.03452682495117,1.0,8649,0.0,21.64808544521043,20.0793,35.370403,39.35526,43.5332,46.08541,1.0,36.11220657978461,36.0,39.0,39.0,40.0,40.0,0
Ipassa_LAS_Simple,BIO_FP_FH__L2A_20260306T172102_20260318T172131_T_G01_M02_C___T011_F155,2026-03-06,16,8,12.773296356201172,0.5205601751804352,28.528728485107422,1.0,8649,0.0,22.09315089714129,22.505663,30.541964,32.02285,36.460266,40.948917,1.0,38.06065709633088,38.0,39.0,40.0,40.0,40.0,0
Ipassa_LAS_Simple,BIO_FP_FH__L2A_20260306T172102_20260318T172131_T_G01_M02_C___T011_F155,2026-03-06,16,9,12.774129867553711,0.5205601751804352,25.615528106689453,1.0,8649,0.0,25.868941676783443,24.898067,39.43721,44.69359,47.6895,50.90008,1.0,37.84386733116091,38.0,39.0,39.0,40.0,40.0,0
Ipassa_LAS_Simple,BIO_FP_FH__L2A_20260306T172102_20260318T172131_T_G01_M02_C___T011_F155,2026-03-06,16,10,12.77496337890625,0.5205601751804352,25.332927703857422,1.0,8649,0.0,25.75569497738178,26.343822,35.615143,37.1637,40.73024,42.986576,1.0,36.73043120639257,37.0,38.0,38.0,39.0,39.0,0
Ipassa_LAS_Simple,BIO_FP_FH__L2A_20260306T172102_20260318T172131_T_G01_M02_C___T011_F155,2026-03-06,16,11,12.775796890258789,0.5205601751804352,26.018400192260742,1.0,8649,0.0,25.25989569784079,26.01267,35.774292,37.02401,40.671528,43.782204,1.0,33.346340647404254,34.0,37.0,37.0,37.0,37.0,0
Ipassa_LAS_Simple,BIO_FP_FH__L2A_20260306T172102_20260318T172131_T_G01_M02_C___T011_F155,2026-03-06,16,12,12.776630401611328,0.5205601751804352,27.796600341796875,1.0,8649,0.03799999877810478,24.889450505477512,26.094847,36.021126,38.741425,42.283768,45.842094,1.0,31.0508127877417,31.0,35.0,36.0,37.0,37.0,0
Ipassa_LAS_Simple,BIO_FP_FH__L2A_20260306T172102_20260318T172131_T_G01_M02_C___T011_F155,2026-03-06,16,13,12.777463912963867,0.5205601751804352,30.621999740600586,1.0,8649,0.4717999994754791,25.528140446149845,26.34709,36.33141,38.839806,41.06988,42.669487,1.0,33.21451811184565,33.0,36.0,36.840782165527344,37.36312484741211,38.0,0
Ipassa_LAS_Simple,BIO_FP_FH__L2A_20260306T172102_20260318T172131_T_G01_M02_C___T011_F155,2026-03-06,16,14,12.778297424316406,0.5205601751804352,32.71879959106445,1.0,8649,0.9154000282287598,27.341707449921955,27.752916,39.599846,40.72801,42.546654,43.752605,1.0,33.60235869819711,34.0,35.0,35.0,36.0,36.0,0
Ipassa_LAS_Simple,BIO_FP_FH__L2A_20260306T172102_20260318T172131_T_G01_M02_C___T011_F155,2026-03-06,16,15,12.779130935668945,0.5205601751804352,22.277799606323242,1.0,8649,21.450199127197266,28.999953255072842,29.781017,40.309082,41.997643,43.757915,45.88757,1.0,35.92767619700746,36.0,37.0,37.0,38.0,38.0,0
Ipassa_LAS_Simple,BIO_FP_FH__L2A_20260306T172102_20260318T172131_T_G01_M02_C___T011_F155,2026-03-06,17,7,12.772462844848633,0.5197268426418304,31.998727798461914,0.9954925724117312,8617,0.0,21.956969653104718,22.780928,29.93766,32.278797,39.70107,44.78767,1.0,37.580330272563856,37.0,39.0,40.0,41.0,41.0,0
Ipassa_LAS_Simple,BIO_FP_FH__L2A_20260306T172102_20260318T172131_T_G01_M02_C___T011_F155,2026-03-06,17,8,12.773296356201172,0.5197268426418304,28.879127502441406,0.9918962757164845,8594,0.0,22.84359046226952,23.153896,31.149508,33.7958,40.019714,47.098648,1.0,38.98060557144559,39.0,41.0,41.0,41.0,41.0,0
Ipassa_LAS_Simple,BIO_FP_FH__L2A_20260306T172102_20260318T172131_T_G01_M02_C___T011_F155,2026-03-06,17,9,12.774129867553711,0.5197268426418304,26.5095272064209,1.0,8649,0.06360000371932983,24.737273862946584,26.918623,35.752857,38.86404,45.74888,49.922276,1.0,39.16521318276668,39.0,40.0,41.0,41.0,41.0,0
Ipassa_LAS_Simple,BIO_FP_FH__L2A_20260306T172102_20260318T172131_T_G01_M02_C___T011_F155,2026-03-06,17,10,12.77496337890625,0.5197268426418304,26.79332733154297,1.0,8649,0.07660000026226044,23.687090812521678,23.787903,35.69893,37.448948,39.350063,42.229324,1.0,38.14711325622622,38.0,40.0,41.0,41.0,41.0,0
Ipassa_LAS_Simple,BIO_FP_FH__L2A_20260306T172102_20260318T172131_T_G01_M02_C___T011_F155,2026-03-06,17,11,12.775796890258789,0.5197268426418304,26.78380012512207,1.0,8649,0.0,28.274071605098854,29.74173,37.595425,39.826717,43.482773,46.197918,1.0,36.607746519895215,37.0,38.0,38.0,38.0,38.0,0
Ipassa_LAS_Simple,BIO_FP_FH__L2A_20260306T172102_20260318T172131_T_G01_M02_C___T011_F155,2026-03-06,17,12,12.776630401611328,0.5197268426418304,28.284799575805664,1.0,8649,0.15240000188350677,29.99476682636721,30.47597,41.902523,44.8378,46.58971,47.812622,1.0,36.09535017574794,36.0,37.0,38.0,39.0,39.0,0
Ipassa_LAS_Simple,BIO_FP_FH__L2A_20260306T172102_20260318T172131_T_G01_M02_C___T011_F155,2026-03-06,17,13,12.777463912963867,0.5197268426418304,31.466800689697266,0.9782475897005796,8485,0.5813999772071838,27.327559265761693,28.031849,36.88993,38.37482,47.04766,49.852,1.0,36.770207752091494,37.0,39.0,40.0,40.0,40.0,0
Ipassa_LAS_Simple,BIO_FP_FH__L2A_20260306T172102_20260318T172131_T_G01_M02_C___T011_F155,2026-03-06,17,14,12.778297424316406,0.5197268426418304,34.0620002746582,0.9370123538712929,8157,1.0182000398635864,26.040830477961144,25.63357,34.912598,36.76564,42.851673,47.573505,1.0,34.9047015809037,35.0,38.0,38.87177276611328,39.0,39.0,0
Ipassa_LAS_Simple,BIO_FP_FH__L2A_20260306T172102_20260318T172131_T_G01_M02_C___T011_F155,2026-03-06,17,15,12.779130935668945,0.5197268426418304,20.287799835205078,1.0,8649,26.54960060119629,24.382218591022085,24.797077,38.173805,40.029892,42.78395,45.61644,1.0,35.615461624486,36.0,37.0,37.340736389160156,38.0,38.0,0
Ipassa_LAS_Simple,BIO_FP_FH__L2A_20260306T172102_20260318T172131_T_G01_M02_C___T011_F155,2026-03-06,17,16,12.779964447021484,0.5197268426418304,16.887399673461914,1.0,8649,32.42539978027344,23.01350589663545,23.13575,33.19196,35.50642,40.385998,44.11885,1.0,35.88396779489401,36.0,37.0,37.0,38.0,38.0,0
Ipassa_LAS_Simple,BIO_FP_FH__L2A_20260306T172102_20260318T172131_T_G01_M02_C___T011_F155,2026-03-06,17,17,12.780797958374023,0.5197268426418304,22.643600463867188,1.0,8649,18.181800842285156,29.33091321070355,30.093662,37.6901,39.03098,41.074753,43.606155,1.0,34.502239090126366,34.0,37.0,37.0,37.0,37.0,0
Ipassa_LAS_Simple,BIO_FP_FH__L2A_20260306T172102_20260318T172131_T_G01_M02_C___T011_F155,2026-03-06,17,18,12.781631469726562,0.5197268426418304,28.871000289916992,0.9986772117125173,8641,2.9031999111175537,25.491169116076378,25.675156,33.137295,35.398933,39.631958,41.55879,1.0,32.2318306513943,32.0,33.0,34.0,34.0,35.0,0
Ipassa_LAS_Simple,BIO_FP_FH__L2A_20260306T172102_20260318T172131_T_G01_M02_C___T011_F155,2026-03-06,17,19,12.782464981079102,0.5197268426418304,30.177400588989258,1.0,8649,0.13359999656677246,27.10694155393687,27.832077,35.489403,37.70868,41.40682,42.745277,1.0,34.084874359441365,34.0,37.0,37.0,37.0,37.0,0
Ipassa_LAS_Simple,BIO_FP_FH__L2A_20260306T172102_20260318T172131_T_G01_M02_C___T011_F155,2026-03-06,17,20,12.78329849243164,0.5197268426418304,31.85740089416504,1.0,8649,0.02019999921321869,25.554731986718117,24.834333,35.83879,38.62187,42.199615,43.727684,1.0,33.10543018997797,33.0,36.0,36.0,37.0,37.0,0
Ipassa_LAS_Simple,BIO_FP_FH__L2A_20260306T172102_20260318T172131_T_G01_M02_C___T011_F155,2026-03-06,18,9,12.774129867553711,0.5188935101032257,27.250926971435547,0.9921190621522358,8597,0.1597999930381775,20.87125890843121,21.523994,31.089235,32.9198,36.52674,40.641994,1.0,38.33730204530721,38.0,39.0,40.0,40.0,40.0,0
Ipassa_LAS_Simple,BIO_FP_FH__L2A_20260306T172102_20260318T172131_T_G01_M02_C___T011_F155,2026-03-06,18,10,12.77496337890625,0.5188935101032257,28.49652862548828,0.9380994133624552,8156,0.5414000153541565,21.776738729221012,22.578972,34.567986,37.846783,41.440174,43.67444,1.0,37.59825493738353,38.0,39.0,39.0,39.0,39.0,0
Ipassa_LAS_Simple,BIO_FP_FH__L2A_20260306T172102_20260318T172131_T_G01_M02_C___T011_F155,2026-03-06,18,12,12.776630401611328,0.5188935101032257,29.810800552368164,0.9595032408687059,8361,0.3813999891281128,20.72121569490581,20.13005,33.239246,36.95409,43.24055,46.426907,1.0,37.27130094976532,37.0,38.0,38.0,39.0,39.0,0
Ipassa_LAS_Simple,BIO_FP_FH__L2A_20260306T172102_20260318T172131_T_G01_M02_C___T011_F155,2026-03-06,18,13,12.777463912963867,0.5188935101032257,32.55619812011719,0.9986925251925801,8643,0.7075999975204468,25.024837065363368,26.07725,36.135616,37.774933,40.675934,43.47899,1.0,38.661179442752484,39.0,40.0,40.0,40.0,40.0,0
Ipassa_LAS_Simple,BIO_FP_FH__L2A_20260306T172102_20260318T172131_T_G01_M02_C___T011_F155,2026-03-06,18,15,12.779130935668945,0.5188935101032257,34.956199645996094,0.9356522769070124,8195,1.0562000274658203,22.902732464907068,22.407558,35.238266,37.39128,41.40037,48.767353,1.0,36.610914627518014,37.0,37.0,38.0,38.0,38.0,0
Ipassa_LAS_Simple,BIO_FP_FH__L2A_20260306T172102_20260318T172131_T_G01_M02_C___T011_F155,2026-03-06,18,19,12.782464981079102,0.5188935101032257,33.853599548339844,0.9161302855640826,8044,0.6656000018119812,21.22641075627228,21.16175,31.622528,34.94399,37.754158,41.671333,1.0,34.04611431522746,34.0,35.0,35.0,37.0,37.0,0
Ipassa_LAS_Simple,BIO_FP_FH__L2A_20260306T172102_20260318T172131_T_G01_M02_C___T011_F155,2026-03-06,18,20,12.78329849243164,0.5188935101032257,34.85820007324219,0.9124631657877718,7957,0.33959999680519104,22.516213489492213,23.066292,33.25603,35.212746,37.494404,39.53059,1.0,32.32400144501385,32.0,33.0,34.0,34.0,34.0,0
Ipassa_LAS_Simple,BIO_FP_FH__L2A_20260306T172102_20260318T172131_T_G01_M02_C___T011_F155,2026-03-06,19,18,12.781631469726562,0.518060177564621,35.36199951171875,0.9251688519355561,8110,1.0773999691009521,14.069727663622922,13.778695,23.905596,25.376007,27.751713,32.256916,1.0,32.185756983709055,32.0,33.0,34.0,34.0,34.0,0
