bin,bin_lower,bin_upper,bin_centre,n,ref_mean,ref_sd,prod_mean,prod_sd,bias,bias_pct,median_bias,mae,rmse,rmse_pct,rmse_centred,resid_sd,mape_pct,pearson_r,r2_pearson,spearman_rho,r2_one_to_one,ols_slope,ols_intercept,ols_slope_stderr,ols_p_value,rma_slope,rma_intercept,ccc,loa_lower,loa_upper
"[0, 10)",0,10,5.0,13305.0,6.28669600126182,3.039500147671424,30.0869597895528,5.002227311511225,23.80026378829098,378.5814326557856,24.209650993347168,23.804894557822045,24.240396789283185,385.5824551468344,4.598290998801141,4.598463811661715,1633.9452690959372,0.4312923025615443,0.18601305024883868,0.3757725634802698,-62.607416137361845,0.7097950420468746,25.62469413700125,0.012873456794176783,0.0,1.6457401113612238,19.740692012342013,0.021832324519937215,14.787274717434018,32.813252859147944
"[10, 15)",10,15,12.5,25254.0,12.815678854873063,1.4104500199176855,32.206303951849215,4.047373003168798,19.390625096976148,151.30392479835754,19.76439905166626,19.416242658549102,19.840390267809898,154.8134163822757,4.200564762924677,4.200647931720051,154.48607518684733,0.06351401722252081,0.0040340303837426705,0.06590273083184618,-196.8801432434983,0.18225737530510383,29.87055196100693,0.018021456533972875,5.355790985431517e-24,2.8695614491926515,-4.569074035327951,0.0018387810113810093,11.157355150804847,27.62389504314745
"[15, 20)",15,20,17.5,47586.0,17.707050371083866,1.4249216252558967,32.85243559029967,3.8211453362137777,15.1453852192158,85.53307807803303,15.489156723022461,15.211773503639858,15.668873718197599,88.48946261419874,4.016330434411867,4.01637263583388,87.05669217609466,0.04594302555954438,0.0021107615975649485,0.04891017735190832,-119.92127905226914,0.12320325183981688,30.670869404090702,0.012280421542326734,1.1582072228524514e-23,2.68165298953025,-14.6317289730801,0.0020336390079438433,7.273294852981395,23.017475585450207
"[20, 25)",20,25,22.5,70848.0,22.613630951823904,1.434526028220921,33.40894591237579,3.5855531865492813,10.795314960551886,47.738087631969556,11.138614654541016,10.939125916687562,11.445391586476182,50.612799027539864,3.802389179221979,3.802416014343873,48.92419632871466,0.044296965798462345,0.0019622211789501426,0.048418982119436425,-62.657646305103896,0.11071888815438147,30.90518983625634,0.009381311563087129,4.081790392134672e-32,2.4994688949604034,-23.113121253821873,0.0034665579579980133,3.342579572437895,18.248050348665878
"[25, 30)",25,30,27.5,80220.0,27.490723955610452,1.4395729855130404,33.98298429319372,3.3477107922189218,6.492260337583265,23.616185401542655,6.790337562561035,6.802455880106372,7.418802457251522,26.98656633863385,3.5901511958083954,3.590173572926081,25.046430782780917,0.04048240913661959,0.0016388254495046611,0.04394810750689184,-25.558628958953555,0.09414138729019353,31.394969402400793,0.0082039342448602,1.8577558878820025e-30,2.325488756671724,-29.946385178344407,0.007039487820163421,-0.5444798653518532,13.529000540518384
"[30, 35)",30,35,32.5,70930.0,32.386257937071136,1.4264899924163028,34.495587198646554,3.11574008382867,2.1093292615754167,6.513037923905865,2.390890121459961,3.1923413457511494,3.9755722045089756,12.275491080920194,3.3698522845261425,3.3698760395516403,9.98284665073195,0.04349636391002733,0.0018919336733935277,0.04920266654444061,-6.767262015385197,0.0950047776400524,31.41873796474173,0.00819355584400191,4.656761591051537e-31,2.184200450331222,-36.242491972047326,0.023878824506462757,-4.495627775945799,8.714286299096631
"[35, 40)",35,40,37.5,41480.0,37.130458645926375,1.3972772408536709,34.84874638379942,3.082091763073832,-2.281712262126956,-6.145122751876605,-1.9370288848876953,2.944426816592681,4.047898093492211,10.901826266388742,3.3435412556386033,3.343581559420082,7.863822371609672,0.03159565329093464,0.0009982853068809488,0.04199867754145215,-7.392752975933481,0.0696931860834083,32.26100642002658,0.01082523150424649,1.2235192735850926e-10,2.2057839868563365,-47.05302472201639,0.016336749405165645,-8.835132118590316,4.271707594336405
"[40, 45)",40,45,42.5,11934.0,41.83174637196271,1.3299697290752215,34.98223562929445,3.2326250282577726,-6.849510742668253,-16.37395360395249,-6.400684356689453,6.852277192195217,7.70301006377787,18.414268424950894,3.5242824274929134,3.524430093989008,16.292040489391788,-0.02359962596193305,0.0005569423455431444,-0.009839208914900378,-32.548554369135154,-0.05736126159436212,37.38175737588561,0.02224518287013668,0.00993224306533516,-2.4306004547227853,136.65849738283524,-0.0034315585222794236,-13.757393726886708,0.058372241550202375
"[45, 50)",45,50,47.5,1926.0,46.70800797293119,1.3102954190362832,34.861889927310486,3.726581436858726,-11.846118045620706,-25.362070787702862,-11.237844467163086,11.846118045620706,12.484102946309184,26.727971258256456,3.939836750839442,3.9408599521944043,25.305995574006012,0.007567816874579285,5.727185224716697e-05,0.027514585819846133,-89.82424286686067,0.02152345606389731,33.85657216987293,0.06483752418350353,0.7399557195455952,2.844077284189554,-97.97929453824769,0.0004739553310357808,-19.57020355192174,-4.122032539319673
"[50, 100)",50,100,75.0,269.0,53.24961525445534,4.313632902516907,35.078066914498145,3.771139715881629,-18.171548339957198,-34.12521997224535,-16.85845947265625,18.171548339957198,19.02380036793061,35.72570482814692,5.630258552453479,5.64075298570256,33.77596129150122,0.031069340355444872,0.0009653039101224753,-0.1599409307594413,-18.522061630129773,0.02716198295230403,33.63170177273988,0.05347663783294997,0.6119270958654417,0.874237516521458,-11.474744481280041,0.0027843922902584554,-29.227424191934215,-7.115672487980181
