quality,n_cells,n,ref_mean,ref_sd,prod_mean,prod_sd,bias,bias_pct,median_bias,mae,rmse,rmse_pct,rmse_centred,resid_sd,mape_pct,pearson_r,r2_pearson,spearman_rho,r2_one_to_one,ols_slope,ols_intercept,ols_slope_stderr,ols_p_value,rma_slope,rma_intercept,ccc,loa_lower,loa_upper
"(-0.1, 8.333]",1000,1000.0,30.694551107615233,5.96800349131816,23.397791112422944,6.229321264153494,-7.296759995192289,-23.772167149830004,-6.705981254577637,8.43121950557828,10.37414381012875,33.797998132492495,7.374290024523994,7.377979937201499,33.127634367695855,0.2688104236044169,0.07225904383838606,0.31498932993429796,-2.0246902250327956,0.28058068166700295,14.785493039185601,0.03182436558641949,5.168328891256742e-18,1.043786464470988,-8.640765866718809,0.15655852386306437,-21.75760067210723,7.16408068172265
"(16.667, 25.0]",143,143.0,30.75452234361555,6.612636108478478,12.877663048830899,5.831557006066862,-17.87685929478465,-58.12757907617374,-18.764363765716553,18.199569278663688,19.54937519551088,63.565855379214526,7.9117616426006965,7.9395710838552525,58.5747424191881,0.19056633448232585,0.036315527838029694,0.20007633211858566,-7.8016522972586255,0.1680567968266124,7.709156535830388,0.07290675613412405,0.022621031212777715,0.8818808279182118,-14.244160577785925,0.036991262098656025,-33.43841861914095,-2.3152999704283577
"(25.0, 33.333]",103,103.0,31.142113046738707,5.245982944287141,9.015655767570422,4.872686718461958,-22.126457279168285,-71.04995491462141,-23.29608678817749,22.126457279168285,23.345671528682264,74.9649565963768,7.445822143878172,7.482232249241057,69.60560114918451,-0.09233199127220273,0.008525196612290122,-0.03436497825418443,-18.998436615816928,-0.08576178617796552,11.686459007814857,0.09202837844691214,0.3536074866789767,-0.9288415098200613,37.94174306889023,-0.008727822944246894,-36.79163248768076,-7.461282070655814
"(33.333, 41.667]",71,71.0,31.748387430755184,6.228691207036041,9.419041905604617,6.006449385063051,-22.32934552515057,-70.33221946737291,-23.987497329711914,22.598560397054108,23.862900455161675,75.16255906605603,8.416551939564895,8.476456979817636,70.86903959259176,0.040410559420926674,0.0016330133127122456,0.08024815560026827,-13.887204910088704,0.03896869690854051,8.1818486184806,0.11599561752838983,0.7379282198985867,0.9643196596867827,-21.19655225722535,0.005272613962069367,-38.943201205593134,-5.715489844708003
"(41.667, 50.0]",60,60.0,31.50594205856323,5.628039091356788,7.387455356121063,3.9708036027189317,-24.11848670244217,-76.55218389474194,-25.701831102371216,24.11848670244217,25.144912616898594,79.81006430520073,7.110923266045441,7.1709321212124975,75.32108704326207,-0.089050275011063,0.007929951479545951,-0.09280355654348432,-19.299497600949866,-0.06282848201606853,9.366925870146801,0.09227381449067791,0.4986494006769233,-0.7055394495779282,29.616140374553865,-0.006326318532036804,-38.17351366001866,-10.063459744865675
"(50.0, 58.333]",43,43.0,29.561041477114657,7.734558302009987,7.518160623173381,4.952797150425134,-22.042880853941274,-74.56733508867157,-20.9137020111084,22.14345419406891,24.0178282438268,81.24824784140552,9.537687204396754,9.65056317130827,71.53093643793017,-0.11459547517159205,0.01313212292980297,-0.07278767743884024,-8.872237614212095,-0.07338080866673159,9.687373751794848,0.0993465069250144,0.4643361791586837,-0.6403464757823399,26.44746935349933,-0.015396577044744645,-40.95798466970548,-3.1277770381770615
"(58.333, 66.667]",43,43.0,30.7304035674694,7.387620676634747,7.212321278660796,3.7558255168188395,-23.5180822888086,-76.5303398543857,-25.762313842773438,23.5180822888086,24.82174364394502,80.77259248954618,7.938435802004844,8.03238505801559,74.36093569000958,0.07503536859482657,0.005630306540161485,0.15584415584415584,-10.55778365452354,0.03814756663450307,6.040031160865587,0.07917404459109502,0.6324964960542263,0.5083944724852488,-8.410846032281619,0.006696793655437368,-39.261557002519154,-7.7746075750980435
"(66.667, 75.0]",24,24.0,31.027567664782207,6.768795388164717,4.450074960788091,2.9364165443162866,-26.577492703994114,-85.65767381811516,-28.277685523033142,26.577492703994114,27.63480970960251,89.06534346541562,7.570970166040863,7.73380535762631,83.88295316947607,-0.13515323591883893,0.018266397179333333,-0.14608695652173911,-16.392963687615246,-0.058631732119408426,6.26927499642642,0.09164141026394426,0.5289128141154629,-0.43381670975763725,17.910352276906366,-0.007061772188584746,-41.73575120494168,-11.419234203046546
"(75.0, 83.333]",26,26.0,29.57736686559824,6.067711734962548,3.6108256303347073,2.220100359565045,-25.96654123526353,-87.79193007023726,-27.577110409736633,25.96654123526353,26.797210436743544,90.60039238283808,6.620364300284079,6.75147335084831,86.1890428017223,-0.14239630766306066,0.02027670843607303,-0.09059829059829058,-19.284421787633338,-0.052101040334844945,5.151837214397748,0.07392541353704397,0.4877318060246653,-0.36588757945976286,14.43281679958184,-0.005358075888608847,-39.199429002926216,-12.733653467600844
"(8.333, 16.667]",171,171.0,30.379410397936727,6.4353720325211246,16.48847632380257,6.916056042100384,-13.890934074134158,-45.72483103581756,-13.268939971923828,14.480417045236331,16.223274399691807,53.40220296307541,8.380726865597884,8.405339919666606,48.210116993076355,0.2089102921239533,0.0436435101553155,0.28012335901312796,-5.392590708554288,0.22451464822847142,9.667853684921438,0.08084467088274415,0.006103967645271458,1.0746940514317005,-16.160095316862378,0.06589599086371509,-30.365400316680706,2.5835321684123898
"(83.333, 91.667]",20,20.0,27.036121702194215,9.1119359450097,2.3045020312070847,1.442486538107755,-24.73161967098713,-91.47621076502236,-26.300298988819122,24.73161967098713,26.27065610801596,97.16873003232512,8.85970432888585,9.089864847312013,90.43304767921023,0.09443588037307074,0.008918135501836927,-0.003007518796992481,-7.749775645463798,0.014949895057933694,1.9003148489857575,0.03714664734392604,0.6920876473926106,0.15830736155446265,-1.975515062132629,0.0035629155215210094,-42.54775477171867,-6.9154845702555825
"(91.667, 100.0]",24,24.0,31.343628883361816,5.96274509026756,1.3810342866927385,0.6531191050686809,-29.962594596669078,-95.59389153109251,-31.803877770900726,29.962594596669078,30.51703603576823,97.36280425387385,5.790717869490244,5.915263685021946,95.451448832545,0.12717665166004177,0.016173900727459604,0.2817391304347826,-26.332264811294532,0.013930077449296219,0.9444151088055104,0.023162955552233848,0.5537242314241708,0.10953329300202806,-2.052136599535361,0.0010608427063576297,-41.556511419312095,-18.36867777402606
