site,scene,biomass_date,row,col,x,y,fh,coverage,n_fine,fh_quality,als_mean,als_p50,als_p90,als_p95,als_p99,als_max,als2_p90
Luki2025,BIO_FP_FH__L2A_20260114T171811_20260126T171838_T_G01_M01_C___T011_F160,2026-01-14,3,19,13.100909233093262,-5.609344005584717,30.79985809326172,0.9642392680777896,2144,0.625,25.994257285644938,24.318539,48.070564,50.909863,52.965046,53.612278,42.469933
Luki2025,BIO_FP_FH__L2A_20260114T171811_20260126T171838_T_G01_M01_C___T011_F160,2026-01-14,3,20,13.1017427444458,-5.609344005584717,31.030458450317383,0.9999999981921633,2209,0.7228000164031982,25.69038625002166,25.319744,43.931103,46.54248,50.111763,51.732346,37.039562
Luki2025,BIO_FP_FH__L2A_20260114T171811_20260126T171838_T_G01_M01_C___T011_F160,2026-01-14,3,21,13.10257625579834,-5.609344005584717,32.64545822143555,0.9858545946370896,2192,0.414000004529953,17.570131723654917,17.596159,26.9216,29.46589,37.437668,42.59199,23.967325
Luki2025,BIO_FP_FH__L2A_20260114T171811_20260126T171838_T_G01_M01_C___T011_F160,2026-01-14,3,22,13.103409767150879,-5.609344005584717,33.997257232666016,0.9645065447073573,2150,0.03959999978542328,17.91117782750187,17.106216,30.721718,33.453712,36.838406,40.454468,26.900648
Luki2025,BIO_FP_FH__L2A_20260114T171811_20260126T171838_T_G01_M01_C___T011_F160,2026-01-14,3,23,13.104243278503418,-5.609344005584717,39.47565841674805,0.9893093558121936,2195,0.0,17.26550229877171,15.319977,34.54092,36.943806,42.682526,53.37664,30.715889
Luki2025,BIO_FP_FH__L2A_20260114T171811_20260126T171838_T_G01_M01_C___T011_F160,2026-01-14,3,24,13.105076789855957,-5.609344005584717,42.90085983276367,0.9936078236943837,2203,0.0,16.952946163513722,15.97638,32.367188,35.348034,42.523945,48.819008,28.23051
Luki2025,BIO_FP_FH__L2A_20260114T171811_20260126T171838_T_G01_M01_C___T011_F160,2026-01-14,3,25,13.105910301208496,-5.609344005584717,43.08966064453125,0.9582848900742744,2149,0.0,17.678266361168866,15.897613,34.987,38.368904,43.541473,46.001114,32.04191
Luki2025,BIO_FP_FH__L2A_20260114T171811_20260126T171838_T_G01_M01_C___T011_F160,2026-01-14,4,19,13.100909233093262,-5.610177516937256,33.872825622558594,1.0,2209,0.7847999930381775,26.873719477448436,29.677992,39.16237,41.59428,45.090565,50.337048,36.208534
Luki2025,BIO_FP_FH__L2A_20260114T171811_20260126T171838_T_G01_M01_C___T011_F160,2026-01-14,4,20,13.1017427444458,-5.610177516937256,31.744625091552734,0.9999999965462225,2209,0.9472000002861023,23.191928900452933,22.283434,41.274487,45.60062,49.05375,50.55596,36.719357
Luki2025,BIO_FP_FH__L2A_20260114T171811_20260126T171838_T_G01_M01_C___T011_F160,2026-01-14,4,21,13.10257625579834,-5.610177516937256,32.00342559814453,0.9999999896386674,2209,0.6669999957084656,15.225524908134267,15.151691,26.104094,29.586887,33.542683,36.44523,21.81334
Luki2025,BIO_FP_FH__L2A_20260114T171811_20260126T171838_T_G01_M01_C___T011_F160,2026-01-14,4,22,13.103409767150879,-5.610177516937256,33.64802551269531,1.0000000086344438,2209,0.41100001335144043,20.92439859126564,23.400417,32.60635,33.648396,35.135235,37.194763,30.561628
Luki2025,BIO_FP_FH__L2A_20260114T171811_20260126T171838_T_G01_M01_C___T011_F160,2026-01-14,4,23,13.104243278503418,-5.610177516937256,35.00062561035156,1.0000000034537775,2209,0.03700000047683716,24.11263188417768,26.341867,38.27957,40.607777,42.534832,43.81428,34.260082
Luki2025,BIO_FP_FH__L2A_20260114T171811_20260126T171838_T_G01_M01_C___T011_F160,2026-01-14,4,24,13.105076789855957,-5.610177516937256,36.99342346191406,0.9999999982731113,2209,0.0,17.098619413740433,14.556053,30.955593,34.870483,39.87297,41.63508,25.476997
Luki2025,BIO_FP_FH__L2A_20260114T171811_20260126T171838_T_G01_M01_C___T011_F160,2026-01-14,4,25,13.105910301208496,-5.610177516937256,36.55382537841797,0.9999999948193338,2209,0.0,14.44417103228608,12.649313,28.350334,33.97107,39.347214,42.86807,22.852953
Luki2025,BIO_FP_FH__L2A_20260114T171811_20260126T171838_T_G01_M01_C___T011_F160,2026-01-14,4,26,13.106743812561035,-5.610177516937256,32.95502471923828,0.9872250567738855,2195,0.0,25.717916523444213,26.303438,41.06415,43.53397,46.14884,47.427006,38.388344
Luki2025,BIO_FP_FH__L2A_20260114T171811_20260126T171838_T_G01_M01_C___T011_F160,2026-01-14,5,19,13.100909233093262,-5.611011028289795,36.31562423706055,0.9999999758235574,2209,0.9509999752044678,27.028283002025283,28.540457,39.45316,41.8109,44.67965,47.291122,36.046898
Luki2025,BIO_FP_FH__L2A_20260114T171811_20260126T171838_T_G01_M01_C___T011_F160,2026-01-14,5,20,13.1017427444458,-5.611011028289795,33.74262619018555,0.9999999758235574,2209,0.8090000152587891,17.775427471376723,15.650917,33.38395,36.107517,38.739166,41.645454,29.752064
Luki2025,BIO_FP_FH__L2A_20260114T171811_20260126T171838_T_G01_M01_C___T011_F160,2026-01-14,5,21,13.10257625579834,-5.611011028289795,30.88742446899414,0.9999999827311125,2209,0.4740000069141388,16.78015337003573,14.4347725,31.053894,35.33352,40.344414,41.862568,24.770046
Luki2025,BIO_FP_FH__L2A_20260114T171811_20260126T171838_T_G01_M01_C___T011_F160,2026-01-14,5,22,13.103409767150879,-5.611011028289795,31.875425338745117,0.9999999965462225,2209,0.20659999549388885,17.076333847067776,15.932352,30.002365,32.88108,44.692062,49.413097,25.51056
Luki2025,BIO_FP_FH__L2A_20260114T171811_20260126T171838_T_G01_M01_C___T011_F160,2026-01-14,5,23,13.104243278503418,-5.611011028289795,33.04502487182617,0.9999999689160024,2209,0.0,22.88264505376442,24.278557,36.208897,38.19043,40.474655,41.942818,34.15338
Luki2025,BIO_FP_FH__L2A_20260114T171811_20260126T171838_T_G01_M01_C___T011_F160,2026-01-14,5,24,13.105076789855957,-5.611011028289795,32.17082595825195,1.000000006907555,2209,0.0,27.26668078340653,31.1162,39.661537,41.18592,43.085426,44.225945,37.00398
Luki2025,BIO_FP_FH__L2A_20260114T171811_20260126T171838_T_G01_M01_C___T011_F160,2026-01-14,5,25,13.105910301208496,-5.611011028289795,31.131425857543945,1.0000000034537775,2209,0.0,25.684228382709037,27.28719,37.033142,38.78795,41.87752,43.415443,35.170345
Luki2025,BIO_FP_FH__L2A_20260114T171811_20260126T171838_T_G01_M01_C___T011_F160,2026-01-14,5,26,13.106743812561035,-5.611011028289795,32.80622482299805,0.983932341424088,2186,0.0,27.9199133756905,30.738935,39.87085,43.51985,47.182625,48.61778,38.638153
Luki2025,BIO_FP_FH__L2A_20260114T171811_20260126T171838_T_G01_M01_C___T011_F160,2026-01-14,6,19,13.100909233093262,-5.611844539642334,37.546627044677734,1.0,2209,0.7386000156402588,26.5677538310958,26.291176,44.51057,47.519997,50.847168,52.671314,36.69239
Luki2025,BIO_FP_FH__L2A_20260114T171811_20260126T171838_T_G01_M01_C___T011_F160,2026-01-14,6,20,13.1017427444458,-5.611844539642334,35.64582443237305,1.0,2209,0.6539999842643738,27.454564258166165,26.405977,45.069557,47.115635,51.46681,58.10032,41.10129
Luki2025,BIO_FP_FH__L2A_20260114T171811_20260126T171838_T_G01_M01_C___T011_F160,2026-01-14,6,21,13.10257625579834,-5.611844539642334,32.83982467651367,1.0,2209,0.3278000056743622,29.857583567048156,32.41848,42.87537,46.196457,48.98602,50.353416,39.07068
Luki2025,BIO_FP_FH__L2A_20260114T171811_20260126T171838_T_G01_M01_C___T011_F160,2026-01-14,6,22,13.103409767150879,-5.611844539642334,30.102624893188477,1.0,2209,0.002199999988079071,23.43749270562189,22.190453,41.66644,46.78718,49.577606,51.272266,36.06928
Luki2025,BIO_FP_FH__L2A_20260114T171811_20260126T171838_T_G01_M01_C___T011_F160,2026-01-14,6,23,13.104243278503418,-5.611844539642334,29.30382537841797,1.0,2209,0.0,22.4828421859085,22.744709,36.587997,41.37586,48.405067,51.417816,31.425589
Luki2025,BIO_FP_FH__L2A_20260114T171811_20260126T171838_T_G01_M01_C___T011_F160,2026-01-14,6,24,13.105076789855957,-5.611844539642334,28.483625411987305,1.0,2209,0.0,24.17524323435378,25.532013,33.161953,35.44664,41.091244,44.131714,30.470903
Luki2025,BIO_FP_FH__L2A_20260114T171811_20260126T171838_T_G01_M01_C___T011_F160,2026-01-14,6,25,13.105910301208496,-5.611844539642334,29.06242561340332,1.0,2209,0.0,24.317250076922534,26.899279,33.82906,34.77406,35.87645,38.091026,31.900005
Luki2025,BIO_FP_FH__L2A_20260114T171811_20260126T171838_T_G01_M01_C___T011_F160,2026-01-14,6,26,13.106743812561035,-5.611844539642334,36.52542495727539,1.0000000034537775,2209,0.0,16.344793813264936,15.618232,28.430243,30.78983,33.78844,35.561287,24.721375
Luki2025,BIO_FP_FH__L2A_20260114T171811_20260126T171838_T_G01_M01_C___T011_F160,2026-01-14,7,9,13.092574119567871,-5.612678050994873,30.614421844482422,0.9449657171006762,2124,0.0,23.146723072359656,23.414196,39.301903,41.368355,47.021816,50.563313,34.837807
Luki2025,BIO_FP_FH__L2A_20260114T171811_20260126T171838_T_G01_M01_C___T011_F160,2026-01-14,7,10,13.09340763092041,-5.612678050994873,34.496822357177734,0.9550232669248361,2139,0.0,24.09300106958714,24.834284,39.994232,46.47384,51.113255,54.417686,36.010162
Luki2025,BIO_FP_FH__L2A_20260114T171811_20260126T171838_T_G01_M01_C___T011_F160,2026-01-14,7,11,13.09424114227295,-5.612678050994873,40.92243957519531,0.9999999827311125,2209,0.0,19.988715638310783,18.365978,36.6148,39.595287,45.24421,50.32699,30.667135
Luki2025,BIO_FP_FH__L2A_20260114T171811_20260126T171838_T_G01_M01_C___T011_F160,2026-01-14,7,12,13.095074653625488,-5.612678050994873,39.921241760253906,1.0000000008634444,2209,0.0,13.529990658144875,11.269653,31.625847,37.663906,41.836075,47.03932,24.815945
Luki2025,BIO_FP_FH__L2A_20260114T171811_20260126T171838_T_G01_M01_C___T011_F160,2026-01-14,7,13,13.095908164978027,-5.612678050994873,33.657039642333984,0.9999999956827781,2209,0.0,27.74345150893369,30.522371,43.45014,46.41114,50.723846,53.20749,39.383022
Luki2025,BIO_FP_FH__L2A_20260114T171811_20260126T171838_T_G01_M01_C___T011_F160,2026-01-14,7,14,13.096741676330566,-5.612678050994873,32.731842041015625,1.0000000051806663,2209,0.0,25.188878341186726,24.685896,42.36811,48.141567,51.806084,53.468327,34.705383
Luki2025,BIO_FP_FH__L2A_20260114T171811_20260126T171838_T_G01_M01_C___T011_F160,2026-01-14,7,15,13.097575187683105,-5.612678050994873,32.968040466308594,1.0000000086344438,2209,0.0,29.59779996170141,30.830645,44.3246,46.320576,52.5433,55.018494,40.527493
Luki2025,BIO_FP_FH__L2A_20260114T171811_20260126T171838_T_G01_M01_C___T011_F160,2026-01-14,7,16,13.098408699035645,-5.612678050994873,33.156639099121094,0.9999999982731113,2209,0.0,33.71222575506247,35.22502,40.52877,41.453266,42.604134,43.887157,38.245663
Luki2025,BIO_FP_FH__L2A_20260114T171811_20260126T171838_T_G01_M01_C___T011_F160,2026-01-14,7,17,13.099242210388184,-5.612678050994873,35.414241790771484,0.9999999963303614,2209,0.0,26.51638067589533,26.607552,41.520164,43.789402,47.458336,48.921906,35.367447
Luki2025,BIO_FP_FH__L2A_20260114T171811_20260126T171838_T_G01_M01_C___T011_F160,2026-01-14,7,18,13.100075721740723,-5.612678050994873,37.827640533447266,1.000000006907555,2209,0.0,29.882729497686057,34.668907,48.80658,51.1921,55.326424,58.90641,44.50162
Luki2025,BIO_FP_FH__L2A_20260114T171811_20260126T171838_T_G01_M01_C___T011_F160,2026-01-14,7,19,13.100909233093262,-5.612678050994873,38.02662658691406,1.0,2209,0.21639999747276306,34.65625431031434,38.1847,53.160217,54.62558,57.742,59.489872,46.667328
Luki2025,BIO_FP_FH__L2A_20260114T171811_20260126T171838_T_G01_M01_C___T011_F160,2026-01-14,7,20,13.1017427444458,-5.612678050994873,36.84542465209961,1.0,2209,0.3240000009536743,31.426354411286216,34.28752,44.743877,47.623158,50.043694,52.90907,40.969246
Luki2025,BIO_FP_FH__L2A_20260114T171811_20260126T171838_T_G01_M01_C___T011_F160,2026-01-14,7,21,13.10257625579834,-5.612678050994873,34.59782409667969,1.0,2209,0.1467999964952469,22.700201059585787,21.635944,36.323338,39.556133,47.848248,50.269882,30.402266
Luki2025,BIO_FP_FH__L2A_20260114T171811_20260126T171838_T_G01_M01_C___T011_F160,2026-01-14,7,22,13.103409767150879,-5.612678050994873,32.03502655029297,1.0,2209,0.0,25.832973219464407,24.061117,48.3892,50.361076,52.637585,54.856007,37.066067
Luki2025,BIO_FP_FH__L2A_20260114T171811_20260126T171838_T_G01_M01_C___T011_F160,2026-01-14,7,23,13.104243278503418,-5.612678050994873,29.857025146484375,1.000000006907555,2209,0.0,23.72736217571404,23.493786,39.38469,43.302063,51.412518,53.154922,34.17365
Luki2025,BIO_FP_FH__L2A_20260114T171811_20260126T171838_T_G01_M01_C___T011_F160,2026-01-14,7,24,13.105076789855957,-5.612678050994873,27.900625228881836,1.0000000552604402,2209,0.0,23.709535890244815,23.003897,35.147182,37.287716,40.719402,43.249977,31.775774
Luki2025,BIO_FP_FH__L2A_20260114T171811_20260126T171838_T_G01_M01_C___T011_F160,2026-01-14,7,25,13.105910301208496,-5.612678050994873,29.623226165771484,1.0,2209,0.0,24.482916124377546,24.778692,30.912296,32.385406,34.945503,37.235107,29.218624
Luki2025,BIO_FP_FH__L2A_20260114T171811_20260126T171838_T_G01_M01_C___T011_F160,2026-01-14,7,26,13.106743812561035,-5.612678050994873,37.01962661743164,0.9826134560387725,2183,0.0,21.13370434302041,22.328695,36.37821,38.997643,43.903873,46.57684,34.038235
Luki2025,BIO_FP_FH__L2A_20260114T171811_20260126T171838_T_G01_M01_C___T011_F160,2026-01-14,8,10,13.09340763092041,-5.613511562347412,36.85982131958008,1.0000000172688877,2209,0.0,21.700522797948082,20.693945,36.581974,39.205208,41.725945,44.341568,31.544767
Luki2025,BIO_FP_FH__L2A_20260114T171811_20260126T171838_T_G01_M01_C___T011_F160,2026-01-14,8,11,13.09424114227295,-5.613511562347412,44.3508415222168,1.0,2209,0.0,21.595593819849196,20.519966,36.51163,41.098858,53.246426,56.528828,31.422516
Luki2025,BIO_FP_FH__L2A_20260114T171811_20260126T171838_T_G01_M01_C___T011_F160,2026-01-14,8,12,13.095074653625488,-5.613511562347412,38.21084213256836,1.0000000034537775,2209,0.5806000232696533,27.43999715215322,32.78109,45.98916,47.216084,51.587368,54.586464,41.730797
Luki2025,BIO_FP_FH__L2A_20260114T171811_20260126T171838_T_G01_M01_C___T011_F160,2026-01-14,8,13,13.095908164978027,-5.613511562347412,31.611440658569336,1.0,2209,0.0,21.04628456982621,21.732307,37.501175,42.340202,48.861748,51.44671,34.36633
Luki2025,BIO_FP_FH__L2A_20260114T171811_20260126T171838_T_G01_M01_C___T011_F160,2026-01-14,8,14,13.096741676330566,-5.613511562347412,31.755840301513672,1.0,2209,0.0,26.4326846052371,28.18428,37.402355,39.48498,43.996723,45.325287,33.242226
Luki2025,BIO_FP_FH__L2A_20260114T171811_20260126T171838_T_G01_M01_C___T011_F160,2026-01-14,8,15,13.097575187683105,-5.613511562347412,31.8868408203125,1.0,2209,0.0,31.772950766042328,34.74941,40.997746,42.845173,47.175938,50.015385,37.996307
Luki2025,BIO_FP_FH__L2A_20260114T171811_20260126T171838_T_G01_M01_C___T011_F160,2026-01-14,8,16,13.098408699035645,-5.613511562347412,32.070838928222656,0.9999999965462225,2209,0.0,28.45365029349666,29.728569,38.875336,40.661053,44.085365,48.32274,36.171425
Luki2025,BIO_FP_FH__L2A_20260114T171811_20260126T171838_T_G01_M01_C___T011_F160,2026-01-14,8,17,13.099242210388184,-5.613511562347412,34.36524200439453,0.9999999982731113,2209,0.0,15.96014349029552,14.657821,27.766125,34.281147,49.23979,51.39284,23.378016
Luki2025,BIO_FP_FH__L2A_20260114T171811_20260126T171838_T_G01_M01_C___T011_F160,2026-01-14,8,18,13.100075721740723,-5.613511562347412,37.49584197998047,1.0,2209,0.0,29.393858730442226,30.79759,46.862747,49.02743,51.95175,55.993645,38.202213
Luki2025,BIO_FP_FH__L2A_20260114T171811_20260126T171838_T_G01_M01_C___T011_F160,2026-01-14,8,19,13.100909233093262,-5.613511562347412,36.76682662963867,0.9999999723697799,2209,0.0,28.812919670244366,30.930218,42.56623,46.914913,54.505085,56.63136,35.786034
Luki2025,BIO_FP_FH__L2A_20260114T171811_20260126T171838_T_G01_M01_C___T011_F160,2026-01-14,8,20,13.1017427444458,-5.613511562347412,36.16742706298828,1.0000000138151102,2209,0.0,29.862683803647336,31.042727,45.116512,50.58209,54.106445,54.950115,39.442776
Luki2025,BIO_FP_FH__L2A_20260114T171811_20260126T171838_T_G01_M01_C___T011_F160,2026-01-14,8,21,13.10257625579834,-5.613511562347412,35.818023681640625,1.000000006907555,2209,0.033799998462200165,19.064946800601856,17.937468,34.020344,39.641262,46.38738,50.88906,27.6009
Luki2025,BIO_FP_FH__L2A_20260114T171811_20260126T171838_T_G01_M01_C___T011_F160,2026-01-14,8,22,13.103409767150879,-5.613511562347412,34.03822708129883,0.9999999447395598,2209,0.0,27.95560508610489,29.17162,44.25591,49.45999,54.01948,55.463314,39.046707
Luki2025,BIO_FP_FH__L2A_20260114T171811_20260126T171838_T_G01_M01_C___T011_F160,2026-01-14,8,23,13.104243278503418,-5.613511562347412,31.674224853515625,1.0,2209,0.0,18.889027973276935,18.398705,32.949543,36.154594,44.645245,48.14817,27.323633
Luki2025,BIO_FP_FH__L2A_20260114T171811_20260126T171838_T_G01_M01_C___T011_F160,2026-01-14,8,24,13.105076789855957,-5.613511562347412,31.68822479248047,1.000000006907555,2209,0.0,21.963699486129716,23.675423,34.17769,36.15647,37.98861,41.898907,31.933764
Luki2025,BIO_FP_FH__L2A_20260114T171811_20260126T171838_T_G01_M01_C___T011_F160,2026-01-14,8,25,13.105910301208496,-5.613511562347412,33.58282470703125,0.9999999792773349,2209,0.0,23.985419919362446,23.557024,41.42015,44.792522,48.76495,52.413876,36.29956
Luki2025,BIO_FP_FH__L2A_20260114T171811_20260126T171838_T_G01_M01_C___T011_F160,2026-01-14,9,10,13.09340763092041,-5.614345073699951,34.1152229309082,1.0000000103613325,2209,1.7029999494552612,18.166860368898455,16.914072,33.169037,38.860527,51.26116,54.38183,28.461315
Luki2025,BIO_FP_FH__L2A_20260114T171811_20260126T171838_T_G01_M01_C___T011_F160,2026-01-14,9,11,13.09424114227295,-5.614345073699951,43.73704147338867,1.0000000034537775,2209,0.0,21.64520551839458,15.311494,45.999104,48.83798,52.998974,54.793488,38.019497
Luki2025,BIO_FP_FH__L2A_20260114T171811_20260126T171838_T_G01_M01_C___T011_F160,2026-01-14,9,16,13.098408699035645,-5.614345073699951,31.966840744018555,1.0000000034537775,2209,0.0,29.744850508404166,30.707426,40.19858,41.580307,44.62809,46.705383,38.47493
Luki2025,BIO_FP_FH__L2A_20260114T171811_20260126T171838_T_G01_M01_C___T011_F160,2026-01-14,9,17,13.099242210388184,-5.614345073699951,35.201839447021484,1.0000000172688877,2209,0.0,26.80301822710675,27.249067,42.354862,45.75182,49.520405,53.510635,36.795116
Luki2025,BIO_FP_FH__L2A_20260114T171811_20260126T171838_T_G01_M01_C___T011_F160,2026-01-14,9,18,13.100075721740723,-5.614345073699951,38.82704162597656,0.9999999930924449,2209,0.0,20.649247484387597,19.413736,44.533375,46.51756,48.792698,50.81591,30.189835
Luki2025,BIO_FP_FH__L2A_20260114T171811_20260126T171838_T_G01_M01_C___T011_F160,2026-01-14,9,19,13.100909233093262,-5.614345073699951,36.19882583618164,1.0,2209,0.0,16.81724930327637,15.517442,33.569653,37.52741,44.246693,47.868988,26.419146
Luki2025,BIO_FP_FH__L2A_20260114T171811_20260126T171838_T_G01_M01_C___T011_F160,2026-01-14,9,20,13.1017427444458,-5.614345073699951,33.59782409667969,1.0,2209,0.0,23.301325896899048,23.234608,37.81342,41.33099,46.431713,47.644756,30.403719
Luki2025,BIO_FP_FH__L2A_20260114T171811_20260126T171838_T_G01_M01_C___T011_F160,2026-01-14,9,21,13.10257625579834,-5.614345073699951,34.31342697143555,1.0,2209,0.21080000698566437,27.003335741214915,29.033024,45.52974,48.42002,56.333694,58.612057,38.655174
Luki2025,BIO_FP_FH__L2A_20260114T171811_20260126T171838_T_G01_M01_C___T011_F160,2026-01-14,9,22,13.103409767150879,-5.614345073699951,35.47462463378906,1.0,2209,0.5162000060081482,27.657265686891694,27.52762,45.83983,49.274475,53.116222,54.640446,40.37471
Luki2025,BIO_FP_FH__L2A_20260114T171811_20260126T171838_T_G01_M01_C___T011_F160,2026-01-14,9,23,13.104243278503418,-5.614345073699951,33.23142623901367,1.0,2209,0.40619999170303345,21.900007338586466,20.311546,37.51252,39.546124,45.170727,47.510628,34.474827
Luki2025,BIO_FP_FH__L2A_20260114T171811_20260126T171838_T_G01_M01_C___T011_F160,2026-01-14,9,24,13.105076789855957,-5.614345073699951,34.22322463989258,1.0,2209,0.0,27.03703002100781,27.964523,38.14824,40.557632,44.437614,47.77574,34.83318
Luki2025,BIO_FP_FH__L2A_20260114T171811_20260126T171838_T_G01_M01_C___T011_F160,2026-01-14,9,25,13.105910301208496,-5.614345073699951,36.892826080322266,1.0,2209,0.0,24.852726284871547,25.514662,45.79165,48.447037,54.738777,57.344006,40.148952
Luki2025,BIO_FP_FH__L2A_20260114T171811_20260126T171838_T_G01_M01_C___T011_F160,2026-01-14,9,26,13.106743812561035,-5.614345073699951,39.56242370605469,0.9530690833420277,2132,0.0,29.29630926081393,31.019596,50.14973,54.579323,58.418438,60.75347,39.888584
Luki2025,BIO_FP_FH__L2A_20260114T171811_20260126T171838_T_G01_M01_C___T011_F160,2026-01-14,10,16,13.098408699035645,-5.61517858505249,35.17584228515625,1.0,2209,0.8659999966621399,25.396893412778688,26.856613,36.557022,38.016254,43.801525,48.63062,33.37204
Luki2025,BIO_FP_FH__L2A_20260114T171811_20260126T171838_T_G01_M01_C___T011_F160,2026-01-14,10,17,13.099242210388184,-5.61517858505249,38.56943893432617,1.0,2209,0.0,29.118696883664835,30.24459,43.49446,50.982525,57.815266,60.922928,38.58925
Luki2025,BIO_FP_FH__L2A_20260114T171811_20260126T171838_T_G01_M01_C___T011_F160,2026-01-14,10,18,13.100075721740723,-5.61517858505249,38.64604187011719,1.000000006907555,2209,0.0,26.418975523251607,26.313618,45.21072,48.37066,51.42613,54.92059,39.088722
Luki2025,BIO_FP_FH__L2A_20260114T171811_20260126T171838_T_G01_M01_C___T011_F160,2026-01-14,10,19,13.100909233093262,-5.61517858505249,35.21162414550781,1.0,2209,0.0,22.96846330883601,20.238781,48.070618,50.1558,52.823048,54.03508,39.644207
Luki2025,BIO_FP_FH__L2A_20260114T171811_20260126T171838_T_G01_M01_C___T011_F160,2026-01-14,10,20,13.1017427444458,-5.61517858505249,32.18962478637695,1.0,2209,0.0,21.182662501061,18.62485,41.83035,47.335888,49.348064,50.680557,31.776236
Luki2025,BIO_FP_FH__L2A_20260114T171811_20260126T171838_T_G01_M01_C___T011_F160,2026-01-14,10,21,13.10257625579834,-5.61517858505249,32.5682258605957,1.0,2209,0.30079999566078186,28.350650039610684,30.758467,45.678516,47.6679,49.879505,50.841732,40.798405
Luki2025,BIO_FP_FH__L2A_20260114T171811_20260126T171838_T_G01_M01_C___T011_F160,2026-01-14,10,22,13.103409767150879,-5.61517858505249,34.43742370605469,1.0,2209,0.7501999735832214,30.367031886600273,32.22905,44.388733,46.45295,52.774498,54.8503,39.01857
Luki2025,BIO_FP_FH__L2A_20260114T171811_20260126T171838_T_G01_M01_C___T011_F160,2026-01-14,10,23,13.104243278503418,-5.61517858505249,35.1848258972168,1.0,2209,0.885200023651123,29.93466956025068,33.090298,41.615086,43.153862,45.173492,46.5918,39.837357
Luki2025,BIO_FP_FH__L2A_20260114T171811_20260126T171838_T_G01_M01_C___T011_F160,2026-01-14,10,24,13.105076789855957,-5.61517858505249,36.4072265625,1.0,2209,0.42260000109672546,25.960319467236307,27.556402,39.110207,40.792725,45.41596,47.262207,35.021923
Luki2025,BIO_FP_FH__L2A_20260114T171811_20260126T171838_T_G01_M01_C___T011_F160,2026-01-14,10,25,13.105910301208496,-5.61517858505249,37.75462341308594,1.0,2209,0.0,37.81004135249265,40.03706,49.69195,53.06508,57.737152,59.623116,47.05843
Luki2025,BIO_FP_FH__L2A_20260114T171811_20260126T171838_T_G01_M01_C___T011_F160,2026-01-14,10,26,13.106743812561035,-5.61517858505249,40.26642608642578,0.9999999792773349,2209,0.0,28.319563092161825,31.12098,43.587852,45.865967,50.7061,56.758793,39.46526
Luki2025,BIO_FP_FH__L2A_20260114T171811_20260126T171838_T_G01_M01_C___T011_F160,2026-01-14,11,16,13.098408699035645,-5.616012096405029,37.23884201049805,1.000000006907555,2209,1.819200038909912,29.954787690253493,31.28114,42.57992,47.23438,51.69311,55.815975,38.717747
Luki2025,BIO_FP_FH__L2A_20260114T171811_20260126T171838_T_G01_M01_C___T011_F160,2026-01-14,11,17,13.099242210388184,-5.616012096405029,38.026241302490234,1.0,2209,0.0,29.36475482489956,31.646393,42.96748,45.867096,48.011166,49.53619,40.608776
Luki2025,BIO_FP_FH__L2A_20260114T171811_20260126T171838_T_G01_M01_C___T011_F160,2026-01-14,11,18,13.100075721740723,-5.616012096405029,37.37263870239258,0.9999999930924449,2209,0.0,32.31897851517586,35.88014,46.394623,48.00581,50.207195,52.316795,43.58549
Luki2025,BIO_FP_FH__L2A_20260114T171811_20260126T171838_T_G01_M01_C___T011_F160,2026-01-14,11,19,13.100909233093262,-5.616012096405029,34.81322479248047,1.0,2209,0.0,26.74514459667836,28.57157,43.547394,46.046196,51.468445,60.82878,34.87975
Luki2025,BIO_FP_FH__L2A_20260114T171811_20260126T171838_T_G01_M01_C___T011_F160,2026-01-14,11,20,13.1017427444458,-5.616012096405029,32.504024505615234,1.0,2209,0.0,21.74441869553531,19.901344,44.090874,48.723858,52.640816,54.216885,31.624615
Luki2025,BIO_FP_FH__L2A_20260114T171811_20260126T171838_T_G01_M01_C___T011_F160,2026-01-14,11,21,13.10257625579834,-5.616012096405029,30.19642448425293,1.0,2209,0.0,26.074819983589858,26.534716,43.410835,46.203594,48.260883,50.021847,35.513885
Luki2025,BIO_FP_FH__L2A_20260114T171811_20260126T171838_T_G01_M01_C___T011_F160,2026-01-14,11,22,13.103409767150879,-5.616012096405029,31.478425979614258,1.0,2209,0.4020000100135803,28.350677227747283,29.838905,39.059296,41.175213,44.002445,46.215492,34.67541
Luki2025,BIO_FP_FH__L2A_20260114T171811_20260126T171838_T_G01_M01_C___T011_F160,2026-01-14,11,23,13.104243278503418,-5.616012096405029,33.71102523803711,1.0,2209,0.6773999929428101,33.4660519642655,35.14908,43.597347,44.935852,48.64301,49.73579,41.069305
Luki2025,BIO_FP_FH__L2A_20260114T171811_20260126T171838_T_G01_M01_C___T011_F160,2026-01-14,11,24,13.105076789855957,-5.616012096405029,36.0588264465332,1.0,2209,0.5655999779701233,27.141249664016524,29.445604,35.75464,37.120716,39.197533,41.17369,33.801517
Luki2025,BIO_FP_FH__L2A_20260114T171811_20260126T171838_T_G01_M01_C___T011_F160,2026-01-14,11,25,13.105910301208496,-5.616012096405029,38.27582550048828,1.0,2209,0.21899999678134918,26.985136267824807,29.238518,36.207626,38.745174,43.421555,46.982662,33.013737
Luki2025,BIO_FP_FH__L2A_20260114T171811_20260126T171838_T_G01_M01_C___T011_F160,2026-01-14,11,26,13.106743812561035,-5.616012096405029,39.83402633666992,0.9008761708582079,2026,0.0,27.508122944451543,28.196953,35.511784,37.049213,40.95249,44.082157,33.18387
Luki2025,BIO_FP_FH__L2A_20260114T171811_20260126T171838_T_G01_M01_C___T011_F160,2026-01-14,12,16,13.098408699035645,-5.616845607757568,34.17979049682617,1.0000000552604402,2209,0.0,32.39950113087722,33.614223,42.380604,44.579155,47.556915,54.950203,39.734917
Luki2025,BIO_FP_FH__L2A_20260114T171811_20260126T171838_T_G01_M01_C___T011_F160,2026-01-14,12,17,13.099242210388184,-5.616845607757568,34.5059928894043,0.9845008349299916,2189,0.0,26.58298074603987,27.921549,35.89856,38.207428,41.14716,42.59552,33.997627
Luki2025,BIO_FP_FH__L2A_20260114T171811_20260126T171838_T_G01_M01_C___T011_F160,2026-01-14,12,18,13.100075721740723,-5.616845607757568,35.668792724609375,1.0,2209,0.0,31.296545647776142,31.787771,40.77239,42.107834,44.713955,48.123528,37.77953
Luki2025,BIO_FP_FH__L2A_20260114T171811_20260126T171838_T_G01_M01_C___T011_F160,2026-01-14,12,19,13.100909233093262,-5.616845607757568,33.8390998840332,1.0,2209,0.0,28.544575281518785,31.34762,44.320396,46.593113,50.174194,60.55999,39.388683
Luki2025,BIO_FP_FH__L2A_20260114T171811_20260126T171838_T_G01_M01_C___T011_F160,2026-01-14,12,20,13.1017427444458,-5.616845607757568,33.257102966308594,1.0,2209,0.0,20.66776760199751,20.269793,38.13722,42.552444,52.77284,55.38976,29.840286
Luki2025,BIO_FP_FH__L2A_20260114T171811_20260126T171838_T_G01_M01_C___T011_F160,2026-01-14,12,21,13.10257625579834,-5.616845607757568,30.68950080871582,1.0,2209,0.0,24.814744015957448,25.78483,42.649773,44.80966,50.884586,54.102222,35.76829
Luki2025,BIO_FP_FH__L2A_20260114T171811_20260126T171838_T_G01_M01_C___T011_F160,2026-01-14,12,22,13.103409767150879,-5.616845607757568,28.445701599121094,1.0,2209,0.0272000003606081,25.80641472032028,28.388716,41.658154,43.978695,47.470028,50.040524,35.308952
Luki2025,BIO_FP_FH__L2A_20260114T171811_20260126T171838_T_G01_M01_C___T011_F160,2026-01-14,12,23,13.104243278503418,-5.616845607757568,30.907102584838867,1.0,2209,0.14399999380111694,27.41392943285989,28.21456,40.10381,41.720097,47.242546,48.92509,37.448154
Luki2025,BIO_FP_FH__L2A_20260114T171811_20260126T171838_T_G01_M01_C___T011_F160,2026-01-14,12,24,13.105076789855957,-5.616845607757568,33.378902435302734,1.0,2209,0.25380000472068787,27.22554305539837,28.81803,39.13249,40.661674,42.232784,43.298065,36.8927
Luki2025,BIO_FP_FH__L2A_20260114T171811_20260126T171838_T_G01_M01_C___T011_F160,2026-01-14,12,25,13.105910301208496,-5.616845607757568,35.70490264892578,1.0,2209,0.10260000079870224,30.792329939310775,32.669003,37.654823,38.644882,45.352833,46.861008,35.911915
Luki2025,BIO_FP_FH__L2A_20260114T171811_20260126T171838_T_G01_M01_C___T011_F160,2026-01-14,13,16,13.098408699035645,-5.617679119110107,30.679391860961914,0.9540957187084441,2143,0.0,27.41206178186644,27.018621,41.513287,43.71654,45.592842,47.13423,35.191765
Luki2025,BIO_FP_FH__L2A_20260114T171811_20260126T171838_T_G01_M01_C___T011_F160,2026-01-14,13,17,13.099242210388184,-5.617679119110107,32.53539276123047,1.0,2209,0.0,27.280599916180964,27.190874,40.55124,43.201843,44.701336,46.691048,35.315746
Luki2025,BIO_FP_FH__L2A_20260114T171811_20260126T171838_T_G01_M01_C___T011_F160,2026-01-14,13,18,13.100075721740723,-5.617679119110107,33.65799331665039,1.0,2209,0.0,26.838331382271388,27.997622,36.43251,38.162704,40.015896,41.88167,33.916157
Luki2025,BIO_FP_FH__L2A_20260114T171811_20260126T171838_T_G01_M01_C___T011_F160,2026-01-14,13,19,13.100909233093262,-5.617679119110107,34.47990036010742,0.9999999723697799,2209,0.0,26.39675610154735,25.587248,39.66737,43.263714,46.427055,49.258987,35.571377
Luki2025,BIO_FP_FH__L2A_20260114T171811_20260126T171838_T_G01_M01_C___T011_F160,2026-01-14,13,20,13.1017427444458,-5.617679119110107,34.83290100097656,0.9999999861848899,2209,0.0,24.39062798946034,24.125217,41.076656,44.804546,50.003094,55.210342,34.379345
Luki2025,BIO_FP_FH__L2A_20260114T171811_20260126T171838_T_G01_M01_C___T011_F160,2026-01-14,13,21,13.10257625579834,-5.617679119110107,32.831302642822266,1.0,2209,0.0,23.016067083521957,21.99894,45.65888,47.34803,50.86092,56.76163,36.814037
Luki2025,BIO_FP_FH__L2A_20260114T171811_20260126T171838_T_G01_M01_C___T011_F160,2026-01-14,13,22,13.103409767150879,-5.617679119110107,31.554502487182617,1.0,2209,0.0,21.814908028944092,20.896389,40.494637,43.566998,48.304398,50.4209,31.464602
Luki2025,BIO_FP_FH__L2A_20260114T171811_20260126T171838_T_G01_M01_C___T011_F160,2026-01-14,13,23,13.104243278503418,-5.617679119110107,30.207502365112305,0.9999999309244497,2209,0.0,25.474377272473514,26.080076,37.857742,39.981384,43.5193,46.095917,34.755165
Luki2025,BIO_FP_FH__L2A_20260114T171811_20260126T171838_T_G01_M01_C___T011_F160,2026-01-14,13,24,13.105076789855957,-5.617679119110107,32.086299896240234,1.0000000138151102,2209,0.0,29.439137070660404,31.090265,40.529346,41.747765,43.008553,44.570827,36.91714
Luki2025,BIO_FP_FH__L2A_20260114T171811_20260126T171838_T_G01_M01_C___T011_F160,2026-01-14,14,6,13.090073585510254,-5.6185126304626465,40.91958236694336,0.9842916080157322,2189,0.0,22.05824752219702,18.088392,45.68018,50.257114,56.68284,58.79675,38.268604
Luki2025,BIO_FP_FH__L2A_20260114T171811_20260126T171838_T_G01_M01_C___T011_F160,2026-01-14,14,7,13.090907096862793,-5.6185126304626465,42.74018096923828,0.9999999990825903,2209,0.0,19.820666180684015,18.851141,37.804813,43.92814,56.654766,59.830788,30.302973
Luki2025,BIO_FP_FH__L2A_20260114T171811_20260126T171838_T_G01_M01_C___T011_F160,2026-01-14,14,8,13.091740608215332,-5.6185126304626465,41.51118469238281,0.9999999956827781,2209,0.0,26.07942282804669,27.455868,40.439507,43.18055,46.073338,47.42529,37.600594
Luki2025,BIO_FP_FH__L2A_20260114T171811_20260126T171838_T_G01_M01_C___T011_F160,2026-01-14,14,9,13.092574119567871,-5.6185126304626465,40.437583923339844,1.0000000172688877,2209,0.0,23.130656888129327,23.274029,44.619698,46.08269,48.494354,51.81096,37.397106
Luki2025,BIO_FP_FH__L2A_20260114T171811_20260126T171838_T_G01_M01_C___T011_F160,2026-01-14,14,10,13.09340763092041,-5.6185126304626465,37.23438262939453,1.0,2209,0.0,22.756844779170454,20.332886,42.65874,44.61,46.783997,49.15766,35.661118
Luki2025,BIO_FP_FH__L2A_20260114T171811_20260126T171838_T_G01_M01_C___T011_F160,2026-01-14,14,11,13.09424114227295,-5.6185126304626465,29.946992874145508,1.0,2209,0.0,14.606463880007922,7.601924,37.55831,43.094826,48.040215,52.352066,31.927114
Luki2025,BIO_FP_FH__L2A_20260114T171811_20260126T171838_T_G01_M01_C___T011_F160,2026-01-14,14,12,13.095074653625488,-5.6185126304626465,24.80419158935547,1.0,2209,1.7777999639511108,2.440915979374204,1.7817816,4.4450574,5.936691,33.0362,40.55195,3.4680612
Luki2025,BIO_FP_FH__L2A_20260114T171811_20260126T171838_T_G01_M01_C___T011_F160,2026-01-14,14,18,13.100075721740723,-5.6185126304626465,30.51639175415039,0.9995097846345914,2209,0.0,22.812218126828185,21.545467,34.60487,37.994915,46.980213,49.10871,30.148796
Luki2025,BIO_FP_FH__L2A_20260114T171811_20260126T171838_T_G01_M01_C___T011_F160,2026-01-14,14,19,13.100909233093262,-5.6185126304626465,33.01530075073242,1.0000000138151102,2209,0.0,24.106412265286426,22.845346,38.824608,40.70229,46.560654,49.58307,34.812084
Luki2025,BIO_FP_FH__L2A_20260114T171811_20260126T171838_T_G01_M01_C___T011_F160,2026-01-14,14,20,13.1017427444458,-5.6185126304626465,36.53950119018555,1.0,2209,0.0,26.214518818611364,27.398663,40.687164,43.53599,47.30082,49.44072,35.36095
Luki2025,BIO_FP_FH__L2A_20260114T171811_20260126T171838_T_G01_M01_C___T011_F160,2026-01-14,14,21,13.10257625579834,-5.6185126304626465,36.2129020690918,1.0,2209,0.0,24.128212620954052,24.021137,41.371685,44.504333,54.15428,56.622032,32.808823
Luki2025,BIO_FP_FH__L2A_20260114T171811_20260126T171838_T_G01_M01_C___T011_F160,2026-01-14,14,22,13.103409767150879,-5.6185126304626465,35.11030197143555,1.0,2209,0.0,22.806120292694658,23.700277,36.726547,42.973415,49.9877,55.77444,30.367071
Luki2025,BIO_FP_FH__L2A_20260114T171811_20260126T171838_T_G01_M01_C___T011_F160,2026-01-14,14,23,13.104243278503418,-5.6185126304626465,32.6953010559082,1.0,2209,0.0,29.97212530769013,30.636217,48.77722,51.567986,57.212418,59.256397,41.419422
Luki2025,BIO_FP_FH__L2A_20260114T171811_20260126T171838_T_G01_M01_C___T011_F160,2026-01-14,14,24,13.105076789855957,-5.6185126304626465,32.16510009765625,1.0,2209,0.0,21.804063278066998,20.530828,38.00225,42.06655,47.558117,51.00336,30.210367
Luki2025,BIO_FP_FH__L2A_20260114T171811_20260126T171838_T_G01_M01_C___T011_F160,2026-01-14,15,2,13.086739540100098,-5.6193461418151855,24.357223510742188,0.9734159554222042,2159,0.0,2.492944647256942,1.5433489,5.203869,6.8134136,33.815697,35.586815,3.723657
Luki2025,BIO_FP_FH__L2A_20260114T171811_20260126T171838_T_G01_M01_C___T011_F160,2026-01-14,15,3,13.087573051452637,-5.6193461418151855,26.005382537841797,1.0000000060441105,2209,0.0,7.970210319481507,3.5583234,22.79473,39.037643,47.133358,48.78408,13.521102
Luki2025,BIO_FP_FH__L2A_20260114T171811_20260126T171838_T_G01_M01_C___T011_F160,2026-01-14,15,4,13.088406562805176,-5.6193461418151855,30.35158348083496,1.0000000017268889,2209,0.0,19.078485776283042,10.773628,44.609825,46.621414,50.628807,53.804214,35.32069
Luki2025,BIO_FP_FH__L2A_20260114T171811_20260126T171838_T_G01_M01_C___T011_F160,2026-01-14,15,5,13.089240074157715,-5.6193461418151855,36.13698196411133,0.9999999965462225,2209,0.0,28.214063321356864,30.181097,44.740845,47.916477,54.676544,56.55354,38.13727
Luki2025,BIO_FP_FH__L2A_20260114T171811_20260126T171838_T_G01_M01_C___T011_F160,2026-01-14,15,6,13.090073585510254,-5.6193461418151855,39.06458282470703,0.9999999913655562,2209,0.0,23.758876827812255,22.446783,43.36812,45.890644,53.48128,56.79816,36.62906
Luki2025,BIO_FP_FH__L2A_20260114T171811_20260126T171838_T_G01_M01_C___T011_F160,2026-01-14,15,7,13.090907096862793,-5.6193461418151855,40.93498229980469,0.9999999965462225,2209,0.0,21.76090833409538,21.918434,38.138294,40.899708,45.883663,47.07853,32.11933
Luki2025,BIO_FP_FH__L2A_20260114T171811_20260126T171838_T_G01_M01_C___T011_F160,2026-01-14,15,8,13.091740608215332,-5.6193461418151855,39.50558090209961,0.9999999982731113,2209,0.0,21.240210787841278,18.778559,38.191666,41.44626,44.282887,45.959316,30.81299
Luki2025,BIO_FP_FH__L2A_20260114T171811_20260126T171838_T_G01_M01_C___T011_F160,2026-01-14,15,9,13.092574119567871,-5.6193461418151855,38.15618133544922,0.9999999930924449,2209,0.0,20.984342320248995,18.367933,42.64655,47.03539,53.89328,55.550423,35.32623
Luki2025,BIO_FP_FH__L2A_20260114T171811_20260126T171838_T_G01_M01_C___T011_F160,2026-01-14,15,10,13.09340763092041,-5.6193461418151855,36.187984466552734,1.0,2209,0.0,20.230466981665913,17.171995,38.994793,41.012474,43.941624,44.99297,31.74498
Luki2025,BIO_FP_FH__L2A_20260114T171811_20260126T171838_T_G01_M01_C___T011_F160,2026-01-14,15,11,13.09424114227295,-5.6193461418151855,31.20399284362793,1.0,2209,0.0,16.623784491356382,12.440982,36.248848,38.147034,40.75895,43.43004,28.830202
Luki2025,BIO_FP_FH__L2A_20260114T171811_20260126T171838_T_G01_M01_C___T011_F160,2026-01-14,15,12,13.095074653625488,-5.6193461418151855,21.737991333007812,1.0,2209,1.5540000200271606,7.060967738512902,3.8570065,19.971094,25.517132,29.26483,31.814919,15.773098
Luki2025,BIO_FP_FH__L2A_20260114T171811_20260126T171838_T_G01_M01_C___T011_F160,2026-01-14,15,14,13.096741676330566,-5.6193461418151855,15.832992553710938,1.0,2209,1.523800015449524,7.300502737381063,2.1660507,28.61943,32.12984,35.931168,37.250435,17.363342
Luki2025,BIO_FP_FH__L2A_20260114T171811_20260126T171838_T_G01_M01_C___T011_F160,2026-01-14,15,15,13.097575187683105,-5.6193461418151855,15.990592002868652,1.0,2209,0.7468000054359436,26.565692285112043,29.300812,35.956833,37.440617,40.984756,41.68886,34.161655
Luki2025,BIO_FP_FH__L2A_20260114T171811_20260126T171838_T_G01_M01_C___T011_F160,2026-01-14,15,17,13.099242210388184,-5.6193461418151855,23.259191513061523,0.9337822019163436,2084,0.0,27.754643052132884,26.478584,39.314888,41.74237,44.008717,46.265762,36.322014
Luki2025,BIO_FP_FH__L2A_20260114T171811_20260126T171838_T_G01_M01_C___T011_F160,2026-01-14,15,18,13.100075721740723,-5.6193461418151855,27.045392990112305,1.0000000276302201,2209,0.0,31.38602558000182,29.575027,49.62351,51.757626,54.894466,57.479202,45.089756
Luki2025,BIO_FP_FH__L2A_20260114T171811_20260126T171838_T_G01_M01_C___T011_F160,2026-01-14,15,19,13.100909233093262,-5.6193461418151855,33.45770263671875,1.0,2209,0.0,32.212760652444544,32.491707,48.695023,50.99485,55.031708,57.834423,43.59394
Luki2025,BIO_FP_FH__L2A_20260114T171811_20260126T171838_T_G01_M01_C___T011_F160,2026-01-14,15,20,13.1017427444458,-5.6193461418151855,36.95330047607422,1.0,2209,0.0,28.869374045099594,29.368078,46.20906,49.128456,53.925236,60.54045,42.00634
Luki2025,BIO_FP_FH__L2A_20260114T171811_20260126T171838_T_G01_M01_C___T011_F160,2026-01-14,15,21,13.10257625579834,-5.6193461418151855,37.484901428222656,1.0,2209,0.0,21.664483805596422,20.060879,38.301804,40.872314,44.951607,46.12252,31.72251
Luki2025,BIO_FP_FH__L2A_20260114T171811_20260126T171838_T_G01_M01_C___T011_F160,2026-01-14,15,22,13.103409767150879,-5.6193461418151855,36.95450210571289,1.0,2209,0.0,27.658000650746946,28.553326,40.681427,42.934013,46.930683,49.571587,34.800243
Luki2025,BIO_FP_FH__L2A_20260114T171811_20260126T171838_T_G01_M01_C___T011_F160,2026-01-14,15,23,13.104243278503418,-5.6193461418151855,34.92290115356445,0.9994134933174654,2209,0.0,27.166699846996334,26.84661,38.499874,44.929096,49.78461,55.53858,35.526634
Luki2025,BIO_FP_FH__L2A_20260114T171811_20260126T171838_T_G01_M01_C___T011_F160,2026-01-14,15,24,13.105076789855957,-5.6193461418151855,33.49870300292969,1.0,2209,0.0,25.98394087398144,24.29599,45.183636,48.806374,54.033936,56.628304,37.962902
Luki2025,BIO_FP_FH__L2A_20260114T171811_20260126T171838_T_G01_M01_C___T011_F160,2026-01-14,15,25,13.105910301208496,-5.6193461418151855,33.49870300292969,0.9999999861848899,2209,0.0,16.539128598934653,13.899057,32.76547,38.200424,45.333435,48.11986,27.929178
Luki2025,BIO_FP_FH__L2A_20260114T171811_20260126T171838_T_G01_M01_C___T011_F160,2026-01-14,16,2,13.086739540100098,-5.620179653167725,21.0112247467041,1.000000006907555,2209,0.0,1.2652558273429002,0.11547525,3.5060315,6.802909,24.069927,28.32352,1.2103668
Luki2025,BIO_FP_FH__L2A_20260114T171811_20260126T171838_T_G01_M01_C___T011_F160,2026-01-14,16,3,13.087573051452637,-5.620179653167725,23.321582794189453,0.9999999965462225,2209,0.0,8.468295546664374,3.1502335,32.434685,37.3653,42.507603,45.593884,18.378174
Luki2025,BIO_FP_FH__L2A_20260114T171811_20260126T171838_T_G01_M01_C___T011_F160,2026-01-14,16,4,13.088406562805176,-5.620179653167725,27.161983489990234,1.0000000103613325,2209,0.0,10.179549713139432,3.2716286,33.60095,45.001278,49.387165,51.08098,20.766647
Luki2025,BIO_FP_FH__L2A_20260114T171811_20260126T171838_T_G01_M01_C___T011_F160,2026-01-14,16,5,13.089240074157715,-5.620179653167725,31.899383544921875,0.9999999896386674,2209,0.0,17.88146819876469,17.663773,32.3043,35.47535,44.224766,47.06954,26.339396
Luki2025,BIO_FP_FH__L2A_20260114T171811_20260126T171838_T_G01_M01_C___T011_F160,2026-01-14,16,6,13.090073585510254,-5.620179653167725,35.76918411254883,1.0000000034537775,2209,0.0,23.64999421544075,24.509375,40.79858,43.72126,46.794716,49.596268,35.4824
Luki2025,BIO_FP_FH__L2A_20260114T171811_20260126T171838_T_G01_M01_C___T011_F160,2026-01-14,16,7,13.090907096862793,-5.620179653167725,39.08418273925781,0.9999999827311125,2209,0.0,30.370113954248147,34.28642,41.777203,43.460773,49.094788,52.801105,38.613
Luki2025,BIO_FP_FH__L2A_20260114T171811_20260126T171838_T_G01_M01_C___T011_F160,2026-01-14,16,8,13.091740608215332,-5.620179653167725,37.770782470703125,1.0000000241764426,2209,0.0,20.31999884781985,17.757654,36.881973,38.813625,41.942444,45.889187,31.094515
Luki2025,BIO_FP_FH__L2A_20260114T171811_20260126T171838_T_G01_M01_C___T011_F160,2026-01-14,16,9,13.092574119567871,-5.620179653167725,36.547584533691406,0.9999999930924449,2209,0.0,21.483795576903216,19.43717,43.409058,45.82431,50.00423,52.78304,37.96768
Luki2025,BIO_FP_FH__L2A_20260114T171811_20260126T171838_T_G01_M01_C___T011_F160,2026-01-14,16,10,13.09340763092041,-5.620179653167725,34.12458419799805,1.0,2209,0.0,15.844726783541761,10.011351,40.383556,43.71129,46.745205,48.63715,26.657255
Luki2025,BIO_FP_FH__L2A_20260114T171811_20260126T171838_T_G01_M01_C___T011_F160,2026-01-14,16,11,13.09424114227295,-5.620179653167725,31.795392990112305,1.0,2209,0.17839999496936798,15.228613988583636,9.281759,38.55429,42.71493,45.658783,49.664677,27.021793
Luki2025,BIO_FP_FH__L2A_20260114T171811_20260126T171838_T_G01_M01_C___T011_F160,2026-01-14,16,12,13.095074653625488,-5.620179653167725,22.439592361450195,1.0,2209,1.9501999616622925,15.352832384916818,11.977803,33.67784,38.638203,46.898663,51.870632,25.04448
Luki2025,BIO_FP_FH__L2A_20260114T171811_20260126T171838_T_G01_M01_C___T011_F160,2026-01-14,16,16,13.098408699035645,-5.620179653167725,19.815792083740234,1.0,2209,0.5884000062942505,8.495480580155048,3.9475033,25.646086,31.131334,37.208042,38.663265,19.112782
Luki2025,BIO_FP_FH__L2A_20260114T171811_20260126T171838_T_G01_M01_C___T011_F160,2026-01-14,16,17,13.099242210388184,-5.620179653167725,23.623592376708984,1.0,2209,0.0,24.031414455070166,23.590424,36.548462,39.285187,42.909588,45.4972,33.5581
Luki2025,BIO_FP_FH__L2A_20260114T171811_20260126T171838_T_G01_M01_C___T011_F160,2026-01-14,16,18,13.100075721740723,-5.620179653167725,28.245792388916016,0.9999999585546698,2209,0.0,21.96476243280175,19.410921,40.165493,42.98065,47.25685,49.6859,34.330444
Luki2025,BIO_FP_FH__L2A_20260114T171811_20260126T171838_T_G01_M01_C___T011_F160,2026-01-14,16,19,13.100909233093262,-5.620179653167725,34.551700592041016,1.0,2209,0.0,17.357153088218652,15.225798,32.486477,36.36735,45.096794,49.910835,26.203524
Luki2025,BIO_FP_FH__L2A_20260114T171811_20260126T171838_T_G01_M01_C___T011_F160,2026-01-14,16,20,13.1017427444458,-5.620179653167725,37.622901916503906,1.0,2209,0.0,28.64823369949638,28.563614,49.568066,55.12567,62.5807,64.978004,42.977936
Luki2025,BIO_FP_FH__L2A_20260114T171811_20260126T171838_T_G01_M01_C___T011_F160,2026-01-14,16,21,13.10257625579834,-5.620179653167725,39.164100646972656,1.0,2209,0.0,29.186330247000907,27.82712,44.0441,48.674828,56.04561,58.085987,40.30481
Luki2025,BIO_FP_FH__L2A_20260114T171811_20260126T171838_T_G01_M01_C___T011_F160,2026-01-14,16,22,13.103409767150879,-5.620179653167725,38.81330108642578,1.0,2209,0.0,29.59030440102988,29.974888,45.635418,48.848705,51.733063,54.12129,40.60937
Luki2025,BIO_FP_FH__L2A_20260114T171811_20260126T171838_T_G01_M01_C___T011_F160,2026-01-14,16,23,13.104243278503418,-5.620179653167725,37.0349006652832,1.0,2209,0.0,27.6028330480421,26.69985,43.324535,46.55614,49.08066,50.35106,36.42325
Luki2025,BIO_FP_FH__L2A_20260114T171811_20260126T171838_T_G01_M01_C___T011_F160,2026-01-14,16,24,13.105076789855957,-5.620179653167725,36.1151008605957,1.0,2209,0.0,25.314047292326844,24.476807,43.050983,45.872402,48.644905,50.2189,35.840572
Luki2025,BIO_FP_FH__L2A_20260114T171811_20260126T171838_T_G01_M01_C___T011_F160,2026-01-14,16,25,13.105910301208496,-5.620179653167725,36.766502380371094,1.0,2209,0.0,19.127866027472837,16.607235,38.644867,43.49727,46.909157,48.59512,29.064207
Luki2025,BIO_FP_FH__L2A_20260114T171811_20260126T171838_T_G01_M01_C___T011_F160,2026-01-14,16,26,13.106743812561035,-5.620179653167725,36.51570129394531,0.9999999723697799,2209,0.0,21.447925143100367,20.394108,38.315166,42.73507,45.658447,47.902752,30.45708
Luki2025,BIO_FP_FH__L2A_20260114T171811_20260126T171838_T_G01_M01_C___T011_F160,2026-01-14,17,2,13.086739540100098,-5.621013164520264,20.071224212646484,1.0000000034537775,2209,0.0,4.011399009599598,2.125682,9.714286,13.251357,21.295485,24.018644,7.070398
Luki2025,BIO_FP_FH__L2A_20260114T171811_20260126T171838_T_G01_M01_C___T011_F160,2026-01-14,17,3,13.087573051452637,-5.621013164520264,24.749982833862305,0.9999999792773349,2209,0.0,5.635374214487504,3.139274,12.639034,19.82918,31.58759,37.785942,8.8000555
Luki2025,BIO_FP_FH__L2A_20260114T171811_20260126T171838_T_G01_M01_C___T011_F160,2026-01-14,17,4,13.088406562805176,-5.621013164520264,28.161983489990234,1.0,2209,0.0,9.302322297897097,4.129521,33.659565,37.82894,41.467125,47.301266,18.949146
Luki2025,BIO_FP_FH__L2A_20260114T171811_20260126T171838_T_G01_M01_C___T011_F160,2026-01-14,17,5,13.089240074157715,-5.621013164520264,31.251583099365234,1.0,2209,0.0,21.089843307916478,23.687323,39.703663,42.028965,45.041485,46.510983,32.794533
Luki2025,BIO_FP_FH__L2A_20260114T171811_20260126T171838_T_G01_M01_C___T011_F160,2026-01-14,17,6,13.090073585510254,-5.621013164520264,35.758182525634766,1.0,2209,0.0,29.392705666096084,32.437584,46.753418,48.81594,53.99093,57.55708,39.864956
Luki2025,BIO_FP_FH__L2A_20260114T171811_20260126T171838_T_G01_M01_C___T011_F160,2026-01-14,17,7,13.090907096862793,-5.621013164520264,37.97538375854492,1.0,2209,0.0,26.613030588643053,28.839762,43.260376,45.53469,53.131638,54.407463,37.749912
Luki2025,BIO_FP_FH__L2A_20260114T171811_20260126T171838_T_G01_M01_C___T011_F160,2026-01-14,17,8,13.091740608215332,-5.621013164520264,37.90938186645508,1.0,2209,0.0,21.777796664568243,18.993753,42.490734,44.54704,48.803185,51.85725,37.349705
Luki2025,BIO_FP_FH__L2A_20260114T171811_20260126T171838_T_G01_M01_C___T011_F160,2026-01-14,17,9,13.092574119567871,-5.621013164520264,35.96598434448242,0.9999999861848899,2209,0.0,12.386435324540633,4.3287125,39.462,41.349113,45.086895,51.312138,32.329487
Luki2025,BIO_FP_FH__L2A_20260114T171811_20260126T171838_T_G01_M01_C___T011_F160,2026-01-14,17,10,13.09340763092041,-5.621013164520264,32.79338455200195,1.0,2209,0.0,7.955042537276483,1.6684138,32.534786,37.10994,41.59176,43.098858,20.246506
Luki2025,BIO_FP_FH__L2A_20260114T171811_20260126T171838_T_G01_M01_C___T011_F160,2026-01-14,17,17,13.099242210388184,-5.621013164520264,23.640993118286133,1.0,2209,0.4302000105381012,28.020967579362832,30.50148,39.144833,43.165638,47.048195,48.77628,35.32521
Luki2025,BIO_FP_FH__L2A_20260114T171811_20260126T171838_T_G01_M01_C___T011_F160,2026-01-14,17,18,13.100075721740723,-5.621013164520264,28.712791442871094,1.0,2209,0.0,27.50636335021503,29.551205,40.513397,43.01372,47.528385,58.19139,37.02026
Luki2025,BIO_FP_FH__L2A_20260114T171811_20260126T171838_T_G01_M01_C___T011_F160,2026-01-14,17,19,13.100909233093262,-5.621013164520264,33.45130157470703,1.0,2209,0.0,32.815991133572886,35.62848,47.058147,50.27311,55.769855,59.12558,43.343433
Luki2025,BIO_FP_FH__L2A_20260114T171811_20260126T171838_T_G01_M01_C___T011_F160,2026-01-14,17,20,13.1017427444458,-5.621013164520264,36.40250015258789,1.0,2209,0.0,29.75979038167723,28.105165,46.442535,49.190548,55.522877,57.62003,42.323814
Luki2025,BIO_FP_FH__L2A_20260114T171811_20260126T171838_T_G01_M01_C___T011_F160,2026-01-14,17,21,13.10257625579834,-5.621013164520264,36.05950164794922,1.0,2209,0.0,32.54128396969783,34.339195,42.258553,45.523094,51.796032,54.616947,39.47202
Luki2025,BIO_FP_FH__L2A_20260114T171811_20260126T171838_T_G01_M01_C___T011_F160,2026-01-14,17,22,13.103409767150879,-5.621013164520264,35.48910140991211,1.0,2209,0.0,28.682732129215708,30.064178,36.91916,39.434242,42.446514,45.15096,34.33245
Luki2025,BIO_FP_FH__L2A_20260114T171811_20260126T171838_T_G01_M01_C___T011_F160,2026-01-14,17,23,13.104243278503418,-5.621013164520264,35.589500427246094,1.0,2209,0.0,29.276087790714126,30.769213,38.74503,40.99623,49.715527,51.20906,36.426357
Luki2025,BIO_FP_FH__L2A_20260114T171811_20260126T171838_T_G01_M01_C___T011_F160,2026-01-14,17,24,13.105076789855957,-5.621013164520264,37.1327018737793,1.0,2209,0.0,26.17950403533839,25.116735,42.17925,44.909172,49.603027,51.676636,34.128014
Luki2025,BIO_FP_FH__L2A_20260114T171811_20260126T171838_T_G01_M01_C___T011_F160,2026-01-14,17,25,13.105910301208496,-5.621013164520264,38.4535026550293,1.0,2209,0.0,24.66310141042327,24.546139,43.14761,45.24892,47.960197,49.832108,32.92866
Luki2025,BIO_FP_FH__L2A_20260114T171811_20260126T171838_T_G01_M01_C___T011_F160,2026-01-14,17,26,13.106743812561035,-5.621013164520264,39.68570327758789,1.0,2209,0.0,24.25701674966048,24.017246,41.122807,47.73945,51.21142,52.835938,32.918003
Luki2025,BIO_FP_FH__L2A_20260114T171811_20260126T171838_T_G01_M01_C___T011_F160,2026-01-14,17,27,13.107577323913574,-5.621013164520264,40.62516784667969,0.9927024382738681,2197,0.0,27.491031597404433,27.927921,39.34025,42.31922,45.592514,49.603844,36.093555
Luki2025,BIO_FP_FH__L2A_20260114T171811_20260126T171838_T_G01_M01_C___T011_F160,2026-01-14,18,3,13.087573051452637,-5.621846675872803,25.826982498168945,1.0,2209,0.0,8.529094234965624,3.3680112,29.377869,38.48105,46.7794,52.37259,15.883478
Luki2025,BIO_FP_FH__L2A_20260114T171811_20260126T171838_T_G01_M01_C___T011_F160,2026-01-14,18,4,13.088406562805176,-5.621846675872803,31.760581970214844,1.0,2209,0.0,17.220249934129555,12.052251,39.58275,43.15002,54.986763,57.53166,31.493294
Luki2025,BIO_FP_FH__L2A_20260114T171811_20260126T171838_T_G01_M01_C___T011_F160,2026-01-14,18,5,13.089240074157715,-5.621846675872803,35.30498123168945,1.0,2209,0.0,25.873726578415006,26.524532,45.25786,47.634735,54.386005,57.07715,36.808575
Luki2025,BIO_FP_FH__L2A_20260114T171811_20260126T171838_T_G01_M01_C___T011_F160,2026-01-14,18,6,13.090073585510254,-5.621846675872803,38.052982330322266,1.0,2209,0.0,27.18413397606383,29.557877,40.131424,42.588474,44.7011,45.736153,35.02581
Luki2025,BIO_FP_FH__L2A_20260114T171811_20260126T171838_T_G01_M01_C___T011_F160,2026-01-14,18,7,13.090907096862793,-5.621846675872803,38.836181640625,0.9999999930924449,2209,0.0,26.170711948508487,28.34482,40.094055,42.23063,44.969364,48.123196,35.222023
Luki2025,BIO_FP_FH__L2A_20260114T171811_20260126T171838_T_G01_M01_C___T011_F160,2026-01-14,18,8,13.091740608215332,-5.621846675872803,39.26638412475586,1.0000000207226651,2209,0.0,21.047265476198856,20.904358,40.849392,42.943554,47.741787,51.0027,35.87267
Luki2025,BIO_FP_FH__L2A_20260114T171811_20260126T171838_T_G01_M01_C___T011_F160,2026-01-14,18,9,13.092574119567871,-5.621846675872803,36.76118469238281,0.9999999792773349,2209,0.0,24.116254982479987,25.125748,40.19707,44.188194,50.603386,51.89046,35.581585
Luki2025,BIO_FP_FH__L2A_20260114T171811_20260126T171838_T_G01_M01_C___T011_F160,2026-01-14,18,10,13.09340763092041,-5.621846675872803,32.96398162841797,0.9999999309244497,2209,0.0,13.954761230880525,8.200186,39.353054,41.560535,44.496365,47.280563,29.208405
Luki2025,BIO_FP_FH__L2A_20260114T171811_20260126T171838_T_G01_M01_C___T011_F160,2026-01-14,18,16,13.098408699035645,-5.621846675872803,16.947391510009766,1.0000000276302201,2209,1.954200029373169,4.817540945291143,0.38769028,13.924574,26.574501,36.648808,37.966194,9.961611
Luki2025,BIO_FP_FH__L2A_20260114T171811_20260126T171838_T_G01_M01_C___T011_F160,2026-01-14,18,17,13.099242210388184,-5.621846675872803,22.77979278564453,0.9999999585546698,2209,0.4424000084400177,28.78947615711533,31.513386,39.13001,41.38593,45.48729,46.884525,36.750927
Luki2025,BIO_FP_FH__L2A_20260114T171811_20260126T171838_T_G01_M01_C___T011_F160,2026-01-14,18,18,13.100075721740723,-5.621846675872803,27.799991607666016,1.0,2209,0.0,32.82883719655387,33.58923,45.312218,48.131283,52.241665,56.715096,41.63423
Luki2025,BIO_FP_FH__L2A_20260114T171811_20260126T171838_T_G01_M01_C___T011_F160,2026-01-14,18,19,13.100909233093262,-5.621846675872803,32.12730026245117,1.0,2209,0.0,41.47204971140788,42.825283,51.41024,52.932903,56.771923,58.9808,49.070133
Luki2025,BIO_FP_FH__L2A_20260114T171811_20260126T171838_T_G01_M01_C___T011_F160,2026-01-14,18,20,13.1017427444458,-5.621846675872803,32.90010070800781,1.0,2209,0.0,23.065929683963333,22.469086,36.87252,39.480583,44.416958,45.915092,31.119587
Luki2025,BIO_FP_FH__L2A_20260114T171811_20260126T171838_T_G01_M01_C___T011_F160,2026-01-14,18,21,13.10257625579834,-5.621846675872803,32.19029998779297,1.0,2209,0.0,26.78941041973178,27.635963,36.292896,37.632343,39.173252,39.95467,33.943703
Luki2025,BIO_FP_FH__L2A_20260114T171811_20260126T171838_T_G01_M01_C___T011_F160,2026-01-14,18,22,13.103409767150879,-5.621846675872803,33.241703033447266,1.0,2209,0.0,30.634183843085108,31.540194,39.898407,43.302383,46.345158,48.435535,37.90602
Luki2025,BIO_FP_FH__L2A_20260114T171811_20260126T171838_T_G01_M01_C___T011_F160,2026-01-14,18,23,13.104243278503418,-5.621846675872803,34.95690155029297,1.0,2209,0.0,34.62018836294703,37.139565,49.571815,53.467457,61.865654,65.58979,45.38479
Luki2025,BIO_FP_FH__L2A_20260114T171811_20260126T171838_T_G01_M01_C___T011_F160,2026-01-14,18,24,13.105076789855957,-5.621846675872803,36.500701904296875,1.0,2209,0.0,32.72566949128565,28.16654,62.536407,65.182724,69.03133,71.460236,49.105167
Luki2025,BIO_FP_FH__L2A_20260114T171811_20260126T171838_T_G01_M01_C___T011_F160,2026-01-14,18,25,13.105910301208496,-5.621846675872803,36.894500732421875,1.0,2209,0.0,25.775622276765503,24.91802,39.712555,41.552612,45.344673,47.415554,34.924183
Luki2025,BIO_FP_FH__L2A_20260114T171811_20260126T171838_T_G01_M01_C___T011_F160,2026-01-14,18,26,13.106743812561035,-5.621846675872803,37.747901916503906,1.0,2209,0.0,27.550730189353214,28.086569,44.99673,48.45837,53.90998,55.98265,38.389
Luki2025,BIO_FP_FH__L2A_20260114T171811_20260126T171838_T_G01_M01_C___T011_F160,2026-01-14,18,27,13.107577323913574,-5.621846675872803,39.75956726074219,0.9999999844580012,2209,0.0,26.936261755875268,26.525053,41.52591,42.858284,44.17068,49.65942,39.102886
Luki2025,BIO_FP_FH__L2A_20260114T171811_20260126T171838_T_G01_M01_C___T011_F160,2026-01-14,19,3,13.087573051452637,-5.622680187225342,26.801183700561523,1.0000000138151102,2209,0.0,22.861052474028526,23.433485,44.86335,46.909683,49.239075,51.260185,38.28867
Luki2025,BIO_FP_FH__L2A_20260114T171811_20260126T171838_T_G01_M01_C___T011_F160,2026-01-14,19,4,13.088406562805176,-5.622680187225342,32.762184143066406,0.9999999930924449,2209,0.0,32.34576104032974,37.02019,48.40596,51.502808,58.142605,64.56916,43.93039
Luki2025,BIO_FP_FH__L2A_20260114T171811_20260126T171838_T_G01_M01_C___T011_F160,2026-01-14,19,5,13.089240074157715,-5.622680187225342,35.626380920410156,1.0000000207226651,2209,0.0,18.284754901336733,10.645023,46.39026,52.212322,59.26154,64.248955,37.85001
Luki2025,BIO_FP_FH__L2A_20260114T171811_20260126T171838_T_G01_M01_C___T011_F160,2026-01-14,19,6,13.090073585510254,-5.622680187225342,38.883182525634766,0.9999999930924449,2209,0.0,22.93116399631985,18.019955,47.07113,51.455315,56.0423,60.86173,38.51583
Luki2025,BIO_FP_FH__L2A_20260114T171811_20260126T171838_T_G01_M01_C___T011_F160,2026-01-14,19,7,13.090907096862793,-5.622680187225342,40.77278137207031,0.9999999861848899,2209,0.0,29.855814650733773,34.309128,44.89922,48.094143,54.862434,59.312084,40.972595
Luki2025,BIO_FP_FH__L2A_20260114T171811_20260126T171838_T_G01_M01_C___T011_F160,2026-01-14,19,8,13.091740608215332,-5.622680187225342,41.66678237915039,1.000000006907555,2209,0.0,26.806460732881224,29.692165,41.893803,43.47153,46.835773,50.08153,38.570156
Luki2025,BIO_FP_FH__L2A_20260114T171811_20260126T171838_T_G01_M01_C___T011_F160,2026-01-14,19,9,13.092574119567871,-5.622680187225342,38.34758377075195,1.0000000690755504,2209,0.0,30.314313322005034,33.653755,44.02579,45.414097,48.268314,51.783546,39.49052
Luki2025,BIO_FP_FH__L2A_20260114T171811_20260126T171838_T_G01_M01_C___T011_F160,2026-01-14,19,10,13.09340763092041,-5.622680187225342,33.78218460083008,0.9999999861848899,2209,0.0,23.261618055277047,24.13407,43.699913,45.47843,48.678764,52.557148,34.59076
Luki2025,BIO_FP_FH__L2A_20260114T171811_20260126T171838_T_G01_M01_C___T011_F160,2026-01-14,19,17,13.099242210388184,-5.622680187225342,22.06719207763672,1.0,2209,0.4620000123977661,22.440154269465822,27.118534,34.36561,37.233345,39.152813,40.892902,30.53079
Luki2025,BIO_FP_FH__L2A_20260114T171811_20260126T171838_T_G01_M01_C___T011_F160,2026-01-14,19,18,13.100075721740723,-5.622680187225342,25.767791748046875,1.0,2209,0.0,25.461137321751924,26.538507,36.199802,38.51922,42.115997,44.77211,33.077335
Luki2025,BIO_FP_FH__L2A_20260114T171811_20260126T171838_T_G01_M01_C___T011_F160,2026-01-14,19,19,13.100909233093262,-5.622680187225342,28.52170181274414,1.0,2209,0.0,28.91707574128565,31.772514,39.540863,40.442436,42.790813,45.42336,38.029583
Luki2025,BIO_FP_FH__L2A_20260114T171811_20260126T171838_T_G01_M01_C___T011_F160,2026-01-14,19,20,13.1017427444458,-5.622680187225342,29.366500854492188,1.0,2209,0.0,22.51270459625396,22.33337,30.988232,33.370564,36.74842,39.932117,28.610163
Luki2025,BIO_FP_FH__L2A_20260114T171811_20260126T171838_T_G01_M01_C___T011_F160,2026-01-14,19,21,13.10257625579834,-5.622680187225342,27.535701751708984,1.0,2209,0.0,25.60228795905953,26.963913,32.205513,33.263897,34.69624,36.250267,30.701693
Luki2025,BIO_FP_FH__L2A_20260114T171811_20260126T171838_T_G01_M01_C___T011_F160,2026-01-14,19,22,13.103409767150879,-5.622680187225342,28.63570213317871,1.0,2209,0.0,26.55789525803531,27.005661,34.999863,36.956875,41.67037,45.448605,32.702644
Luki2025,BIO_FP_FH__L2A_20260114T171811_20260126T171838_T_G01_M01_C___T011_F160,2026-01-14,19,23,13.104243278503418,-5.622680187225342,31.66010093688965,1.0,2209,0.0,32.84071642287234,34.881294,45.11988,46.799297,51.026436,54.62161,41.723312
Luki2025,BIO_FP_FH__L2A_20260114T171811_20260126T171838_T_G01_M01_C___T011_F160,2026-01-14,19,24,13.105076789855957,-5.622680187225342,34.061500549316406,1.0,2209,0.0,27.4725616441263,28.185656,44.947803,47.393032,51.895885,54.00471,38.693825
Luki2025,BIO_FP_FH__L2A_20260114T171811_20260126T171838_T_G01_M01_C___T011_F160,2026-01-14,19,25,13.105910301208496,-5.622680187225342,34.51590347290039,1.0,2209,0.0,21.861168974932095,21.627419,32.568874,34.344734,39.82615,43.477627,28.994967
Luki2025,BIO_FP_FH__L2A_20260114T171811_20260126T171838_T_G01_M01_C___T011_F160,2026-01-14,19,26,13.106743812561035,-5.622680187225342,36.984901428222656,0.9999999861848899,2209,0.0,28.056845255195547,29.31014,37.83202,40.51493,44.17156,45.467583,34.664665
Luki2025,BIO_FP_FH__L2A_20260114T171811_20260126T171838_T_G01_M01_C___T011_F160,2026-01-14,19,27,13.107577323913574,-5.622680187225342,40.37956619262695,1.0000000034537775,2209,0.0,21.449107049830264,18.895237,39.7366,41.499157,45.070717,46.952087,36.15418
Luki2025,BIO_FP_FH__L2A_20260114T171811_20260126T171838_T_G01_M01_C___T011_F160,2026-01-14,20,3,13.087573051452637,-5.623513698577881,28.066146850585938,1.0,2209,0.0,33.687733834552894,41.234283,48.562794,50.218826,53.843136,55.59894,45.107533
Luki2025,BIO_FP_FH__L2A_20260114T171811_20260126T171838_T_G01_M01_C___T011_F160,2026-01-14,20,4,13.088406562805176,-5.623513698577881,32.19474792480469,0.9917018298058016,2201,0.0,24.882940624544073,29.074594,45.665676,47.20874,49.116913,53.195904,40.79908
Luki2025,BIO_FP_FH__L2A_20260114T171811_20260126T171838_T_G01_M01_C___T011_F160,2026-01-14,20,5,13.089240074157715,-5.623513698577881,33.895145416259766,0.9603503854526227,2148,0.0,14.623663375870937,6.9775095,36.975613,40.725098,45.42274,51.886215,31.271736
Luki2025,BIO_FP_FH__L2A_20260114T171811_20260126T171838_T_G01_M01_C___T011_F160,2026-01-14,20,7,13.090907096862793,-5.623513698577881,38.55134582519531,0.9745599859815315,2168,0.0,22.469560112152227,18.284168,43.688904,46.42942,57.724308,61.035126,39.68869
Luki2025,BIO_FP_FH__L2A_20260114T171811_20260126T171838_T_G01_M01_C___T011_F160,2026-01-14,20,8,13.091740608215332,-5.623513698577881,43.60194778442383,0.9790767533253523,2176,0.0,25.299863540271552,28.03049,41.412178,43.557617,46.289646,57.0584,36.251472
Luki2025,BIO_FP_FH__L2A_20260114T171811_20260126T171838_T_G01_M01_C___T011_F160,2026-01-14,20,9,13.092574119567871,-5.623513698577881,39.466148376464844,1.0,2209,0.0,27.918792793684926,29.548965,42.58376,45.270382,48.466682,51.207386,36.03385
Luki2025,BIO_FP_FH__L2A_20260114T171811_20260126T171838_T_G01_M01_C___T011_F160,2026-01-14,20,10,13.09340763092041,-5.623513698577881,34.36054611206055,1.0,2209,0.0,22.721882161753054,16.99175,46.77067,49.39138,51.1304,53.48043,36.48308
Luki2025,BIO_FP_FH__L2A_20260114T171811_20260126T171838_T_G01_M01_C___T011_F160,2026-01-14,20,18,13.100075721740723,-5.623513698577881,24.81630516052246,1.0,2209,0.0,12.380935413365776,10.981583,28.981274,31.334948,34.307137,38.72718,23.143936
Luki2025,BIO_FP_FH__L2A_20260114T171811_20260126T171838_T_G01_M01_C___T011_F160,2026-01-14,20,19,13.100909233093262,-5.623513698577881,26.787364959716797,1.0,2209,0.0,24.572289497510187,25.906075,34.1806,35.835087,37.42251,39.251762,32.466114
Luki2025,BIO_FP_FH__L2A_20260114T171811_20260126T171838_T_G01_M01_C___T011_F160,2026-01-14,20,20,13.1017427444458,-5.623513698577881,25.9157657623291,1.0,2209,0.0,25.69944067592802,26.257124,35.74211,36.805763,37.766426,38.7392,33.23275
Luki2025,BIO_FP_FH__L2A_20260114T171811_20260126T171838_T_G01_M01_C___T011_F160,2026-01-14,20,21,13.10257625579834,-5.623513698577881,22.905364990234375,1.0,2209,0.0,25.845266346480308,27.49258,33.074673,33.900562,35.60197,37.002205,31.607124
Luki2025,BIO_FP_FH__L2A_20260114T171811_20260126T171838_T_G01_M01_C___T011_F160,2026-01-14,20,22,13.103409767150879,-5.623513698577881,24.606966018676758,1.0,2209,0.0,29.980101820676776,30.80449,36.339127,37.88949,39.48308,41.2435,34.633587
Luki2025,BIO_FP_FH__L2A_20260114T171811_20260126T171838_T_G01_M01_C___T011_F160,2026-01-14,20,23,13.104243278503418,-5.623513698577881,28.858566284179688,1.0,2209,0.0,27.325171882073338,28.62315,35.139843,38.35383,41.296364,45.125557,33.633457
Luki2025,BIO_FP_FH__L2A_20260114T171811_20260126T171838_T_G01_M01_C___T011_F160,2026-01-14,20,24,13.105076789855957,-5.623513698577881,30.99836540222168,1.0,2209,0.0,23.924634485344047,25.289263,33.425854,35.187614,37.57475,38.464634,31.042063
Luki2025,BIO_FP_FH__L2A_20260114T171811_20260126T171838_T_G01_M01_C___T011_F160,2026-01-14,20,25,13.105910301208496,-5.623513698577881,32.67536544799805,1.0,2209,0.0,23.938502645427796,24.640965,33.440445,35.000786,39.248714,42.91136,31.341675
Luki2025,BIO_FP_FH__L2A_20260114T171811_20260126T171838_T_G01_M01_C___T011_F160,2026-01-14,20,26,13.106743812561035,-5.623513698577881,35.59076690673828,1.0000000276302201,2209,0.0,27.436321531425907,26.742695,42.19296,44.089993,48.622177,51.038837,38.72441
Luki2025,BIO_FP_FH__L2A_20260114T171811_20260126T171838_T_G01_M01_C___T011_F160,2026-01-14,20,27,13.107577323913574,-5.623513698577881,39.95193862915039,1.0,2209,0.0,26.340201837652785,27.321306,44.852654,46.994717,50.08872,52.211456,41.567196
Luki2025,BIO_FP_FH__L2A_20260114T171811_20260126T171838_T_G01_M01_C___T011_F160,2026-01-14,21,9,13.092574119567871,-5.62434720993042,39.85214614868164,1.0,2209,0.0,18.96738440400068,13.884294,42.490158,44.21985,46.12112,49.744358,33.339993
Luki2025,BIO_FP_FH__L2A_20260114T171811_20260126T171838_T_G01_M01_C___T011_F160,2026-01-14,21,19,13.100909233093262,-5.62434720993042,26.980566024780273,1.0,2209,0.0,14.623400541817565,15.796675,29.24406,31.899998,35.706593,39.0229,24.928816
Luki2025,BIO_FP_FH__L2A_20260114T171811_20260126T171838_T_G01_M01_C___T011_F160,2026-01-14,21,20,13.1017427444458,-5.62434720993042,25.70676612854004,1.0,2209,0.0,23.550393100667723,24.119286,33.87063,35.6136,37.635708,39.053535,30.876566
Luki2025,BIO_FP_FH__L2A_20260114T171811_20260126T171838_T_G01_M01_C___T011_F160,2026-01-14,21,21,13.10257625579834,-5.62434720993042,25.31436538696289,1.0,2209,0.0,26.043882978723403,26.519756,34.248383,35.246277,36.858334,38.55989,33.02844
Luki2025,BIO_FP_FH__L2A_20260114T171811_20260126T171838_T_G01_M01_C___T011_F160,2026-01-14,21,22,13.103409767150879,-5.62434720993042,27.186565399169922,1.0,2209,0.0,25.582345129300588,25.474749,32.671017,35.722958,40.71764,42.77695,30.721577
Luki2025,BIO_FP_FH__L2A_20260114T171811_20260126T171838_T_G01_M01_C___T011_F160,2026-01-14,21,23,13.104243278503418,-5.62434720993042,30.17056655883789,1.0,2209,0.0,24.584645731948847,26.01077,32.863766,33.8366,37.54261,38.996647,30.981087
Luki2025,BIO_FP_FH__L2A_20260114T171811_20260126T171838_T_G01_M01_C___T011_F160,2026-01-14,21,24,13.105076789855957,-5.62434720993042,31.617366790771484,1.0,2209,0.0,25.61304429323223,26.178665,34.512627,36.015053,37.933544,41.96262,32.265648
Luki2025,BIO_FP_FH__L2A_20260114T171811_20260126T171838_T_G01_M01_C___T011_F160,2026-01-14,21,25,13.105910301208496,-5.62434720993042,32.32716751098633,1.0,2209,0.0,18.66150372057492,16.498505,33.37984,41.050304,47.041885,49.79629,26.39755
Luki2025,BIO_FP_FH__L2A_20260114T171811_20260126T171838_T_G01_M01_C___T011_F160,2026-01-14,21,26,13.106743812561035,-5.62434720993042,35.462364196777344,1.0,2209,0.0,35.95460995855025,42.7613,47.835728,48.833427,50.28754,52.003693,46.681515
Luki2025,BIO_FP_FH__L2A_20260114T171811_20260126T171838_T_G01_M01_C___T011_F160,2026-01-14,21,27,13.107577323913574,-5.62434720993042,40.7739372253418,0.9999999792773349,2209,0.0,24.352371575407698,27.471954,43.67284,45.208454,48.038967,50.76174,39.14991
Luki2025,BIO_FP_FH__L2A_20260114T171811_20260126T171838_T_G01_M01_C___T011_F160,2026-01-14,22,9,13.092574119567871,-5.625180721282959,34.85194778442383,1.0000000138151102,2209,0.0,19.556893668677443,12.007958,46.30965,48.815567,52.045223,53.587154,35.710693
Luki2025,BIO_FP_FH__L2A_20260114T171811_20260126T171838_T_G01_M01_C___T011_F160,2026-01-14,22,10,13.09340763092041,-5.625180721282959,31.73554801940918,1.0,2209,0.0,2.6148197006564056,1.7548027,3.465285,7.4636383,32.40015,43.075916,1.3172551
Luki2025,BIO_FP_FH__L2A_20260114T171811_20260126T171838_T_G01_M01_C___T011_F160,2026-01-14,22,11,13.09424114227295,-5.625180721282959,30.99510383605957,1.0,2209,0.0,2.301121212228384,2.1776297,3.880108,5.103581,7.178334,9.082855,2.8478909
Luki2025,BIO_FP_FH__L2A_20260114T171811_20260126T171838_T_G01_M01_C___T011_F160,2026-01-14,22,20,13.1017427444458,-5.625180721282959,29.367965698242188,1.0,2209,0.0,18.56374755969896,17.873753,29.950165,32.5974,34.287155,36.314358,27.196205
Luki2025,BIO_FP_FH__L2A_20260114T171811_20260126T171838_T_G01_M01_C___T011_F160,2026-01-14,22,21,13.10257625579834,-5.625180721282959,28.767366409301758,1.0,2209,0.0,24.200113527048437,24.555883,36.053665,38.420124,43.32645,44.644604,30.671766
Luki2025,BIO_FP_FH__L2A_20260114T171811_20260126T171838_T_G01_M01_C___T011_F160,2026-01-14,22,22,13.103409767150879,-5.625180721282959,30.54596519470215,1.0,2209,0.0,25.961388425192396,26.965733,38.39592,40.704636,43.431763,45.63962,33.08951
Luki2025,BIO_FP_FH__L2A_20260114T171811_20260126T171838_T_G01_M01_C___T011_F160,2026-01-14,22,23,13.104243278503418,-5.625180721282959,33.533565521240234,1.0,2209,0.0,27.130828429153464,27.73203,43.406166,46.485817,50.78662,53.43083,40.28589
Luki2025,BIO_FP_FH__L2A_20260114T171811_20260126T171838_T_G01_M01_C___T011_F160,2026-01-14,22,24,13.105076789855957,-5.625180721282959,34.41896438598633,1.0,2209,0.0,27.83890564876641,29.023396,43.454296,45.933018,48.57612,50.85372,38.218975
Luki2025,BIO_FP_FH__L2A_20260114T171811_20260126T171838_T_G01_M01_C___T011_F160,2026-01-14,22,25,13.105910301208496,-5.625180721282959,33.93276596069336,1.0,2209,0.0,26.349732274219104,25.3292,44.14323,48.05113,52.423832,55.3548,37.71737
Luki2025,BIO_FP_FH__L2A_20260114T171811_20260126T171838_T_G01_M01_C___T011_F160,2026-01-14,22,26,13.106743812561035,-5.625180721282959,33.39216613769531,1.0,2209,0.0,30.232161045722044,35.024506,44.564014,46.14507,48.419384,50.475735,41.68943
Luki2025,BIO_FP_FH__L2A_20260114T171811_20260126T171838_T_G01_M01_C___T011_F160,2026-01-14,22,27,13.107577323913574,-5.625180721282959,38.905738830566406,0.9267161323129456,2068,0.0,20.636489785799455,15.589584,45.243706,46.682858,47.83768,48.93319,36.370415
Luki2025,BIO_FP_FH__L2A_20260114T171811_20260126T171838_T_G01_M01_C___T011_F160,2026-01-14,23,13,13.095908164978027,-5.626014232635498,25.606103897094727,0.9897293774668261,2193,0.0,24.327286420787807,26.887005,38.57861,40.21117,41.532063,42.898384,36.233543
Luki2025,BIO_FP_FH__L2A_20260114T171811_20260126T171838_T_G01_M01_C___T011_F160,2026-01-14,23,14,13.096741676330566,-5.626014232635498,26.013904571533203,1.0,2209,0.0,22.028301744992078,24.634857,33.47604,35.35351,37.52908,39.87195,30.16618
Luki2025,BIO_FP_FH__L2A_20260114T171811_20260126T171838_T_G01_M01_C___T011_F160,2026-01-14,23,15,13.097575187683105,-5.626014232635498,26.421903610229492,1.0,2209,0.0,17.42220081555568,18.292377,28.47194,30.0678,32.81359,35.29733,26.781729
Luki2025,BIO_FP_FH__L2A_20260114T171811_20260126T171838_T_G01_M01_C___T011_F160,2026-01-14,23,16,13.098408699035645,-5.626014232635498,27.5719051361084,1.0,2209,0.0,21.320986677370982,20.536142,33.934517,35.43785,37.79113,38.629776,32.53058
Luki2025,BIO_FP_FH__L2A_20260114T171811_20260126T171838_T_G01_M01_C___T011_F160,2026-01-14,23,19,13.100909233093262,-5.626014232635498,30.752365112304688,1.0,2209,0.0,28.562820068469897,29.130863,40.525814,43.578735,50.860054,55.00385,37.861874
Luki2025,BIO_FP_FH__L2A_20260114T171811_20260126T171838_T_G01_M01_C___T011_F160,2026-01-14,23,20,13.1017427444458,-5.626014232635498,33.59316635131836,1.0,2209,0.0,17.337455614814395,15.399912,28.98564,34.33279,40.250732,44.109024,26.221504
Luki2025,BIO_FP_FH__L2A_20260114T171811_20260126T171838_T_G01_M01_C___T011_F160,2026-01-14,23,21,13.10257625579834,-5.626014232635498,33.825164794921875,1.0,2209,0.0,22.526959137335897,20.437004,40.6707,43.76342,48.16225,53.332767,33.583412
Luki2025,BIO_FP_FH__L2A_20260114T171811_20260126T171838_T_G01_M01_C___T011_F160,2026-01-14,23,22,13.103409767150879,-5.626014232635498,27.106164932250977,1.0,2209,0.0,23.4222454659914,21.78797,41.35614,44.41835,49.708725,55.726383,35.32534
Luki2025,BIO_FP_FH__L2A_20260114T171811_20260126T171838_T_G01_M01_C___T011_F160,2026-01-14,23,23,13.104243278503418,-5.626014232635498,31.728364944458008,1.0,2209,0.0,27.58244327184246,27.352613,44.19072,46.88515,53.705467,56.296753,39.763893
Luki2025,BIO_FP_FH__L2A_20260114T171811_20260126T171838_T_G01_M01_C___T011_F160,2026-01-14,23,24,13.105076789855957,-5.626014232635498,32.81816482543945,1.0,2209,0.0,27.325070202863287,26.407993,42.688328,46.19189,52.036274,54.356316,36.942837
Luki2025,BIO_FP_FH__L2A_20260114T171811_20260126T171838_T_G01_M01_C___T011_F160,2026-01-14,23,25,13.105910301208496,-5.626014232635498,33.79176712036133,1.0,2209,0.0,26.66997846169081,27.000603,38.5784,42.21222,48.635254,51.05418,34.27408
Luki2025,BIO_FP_FH__L2A_20260114T171811_20260126T171838_T_G01_M01_C___T011_F160,2026-01-14,23,26,13.106743812561035,-5.626014232635498,34.678367614746094,0.9907960421146447,2197,0.0,24.659156392578698,24.649553,40.511215,42.547134,47.925926,51.569008,35.637596
Luki2025,BIO_FP_FH__L2A_20260114T171811_20260126T171838_T_G01_M01_C___T011_F160,2026-01-14,24,14,13.096741676330566,-5.626847743988037,24.06430435180664,0.9935405518793855,2200,0.0,14.819458245085706,10.137677,35.356148,38.53105,41.21336,43.886448,30.478746
Luki2025,BIO_FP_FH__L2A_20260114T171811_20260126T171838_T_G01_M01_C___T011_F160,2026-01-14,24,15,13.097575187683105,-5.626847743988037,26.58510398864746,1.0,2209,0.0,27.097355191121547,29.263136,40.132133,42.973125,48.742676,54.23354,35.513733
Luki2025,BIO_FP_FH__L2A_20260114T171811_20260126T171838_T_G01_M01_C___T011_F160,2026-01-14,24,16,13.098408699035645,-5.626847743988037,28.93150520324707,1.0,2209,0.0,24.961424676041194,26.185102,37.969856,39.83364,45.610626,48.942986,34.344673
Luki2025,BIO_FP_FH__L2A_20260114T171811_20260126T171838_T_G01_M01_C___T011_F160,2026-01-14,24,17,13.099242210388184,-5.626847743988037,30.556903839111328,1.0,2209,0.0,29.71611208762449,32.230217,41.05662,43.067818,45.51375,48.742664,37.351326
Luki2025,BIO_FP_FH__L2A_20260114T171811_20260126T171838_T_G01_M01_C___T011_F160,2026-01-14,24,18,13.100075721740723,-5.626847743988037,31.444704055786133,1.0,2209,0.0,28.713633325316884,32.58065,43.8093,46.841022,52.468197,54.797615,40.174385
Luki2025,BIO_FP_FH__L2A_20260114T171811_20260126T171838_T_G01_M01_C___T011_F160,2026-01-14,24,19,13.100909233093262,-5.626847743988037,33.77196502685547,0.9999999723697799,2209,0.0,21.211232513696647,18.543016,43.827133,46.622303,51.9051,55.65876,39.30155
Luki2025,BIO_FP_FH__L2A_20260114T171811_20260126T171838_T_G01_M01_C___T011_F160,2026-01-14,24,20,13.1017427444458,-5.626847743988037,36.501564025878906,0.9999998618488994,2209,0.0,29.092792929624633,31.226645,38.58751,40.348816,43.506287,45.774784,35.041706
Luki2025,BIO_FP_FH__L2A_20260114T171811_20260126T171838_T_G01_M01_C___T011_F160,2026-01-14,24,21,13.10257625579834,-5.626847743988037,37.39656448364258,1.0000000828906603,2209,0.0,14.11283269165376,13.068063,28.259384,32.931,39.66856,42.73706,23.46415
Luki2025,BIO_FP_FH__L2A_20260114T171811_20260126T171838_T_G01_M01_C___T011_F160,2026-01-14,24,22,13.103409767150879,-5.626847743988037,29.31596565246582,1.0000001381511006,2209,0.0,10.712150865622903,10.90596,22.079268,26.347998,30.01729,32.75414,18.485447
Luki2025,BIO_FP_FH__L2A_20260114T171811_20260126T171838_T_G01_M01_C___T011_F160,2026-01-14,24,23,13.104243278503418,-5.626847743988037,26.36676597595215,0.9999999723697799,2209,0.0,16.739888244045584,16.319633,28.872265,31.138205,33.54719,34.98005,24.495905
Luki2025,BIO_FP_FH__L2A_20260114T171811_20260126T171838_T_G01_M01_C___T011_F160,2026-01-14,24,24,13.105076789855957,-5.626847743988037,27.380165100097656,0.9999999723697799,2209,0.0,23.004977611922772,21.467405,34.76321,37.1674,39.98549,42.404873,32.366592
Luki2025,BIO_FP_FH__L2A_20260114T171811_20260126T171838_T_G01_M01_C___T011_F160,2026-01-14,24,25,13.105910301208496,-5.626847743988037,28.371166229248047,0.9870646914080183,2191,0.0,19.514605967098177,18.737421,28.475208,30.314966,31.97601,33.35726,26.22851
Luki2025,BIO_FP_FH__L2A_20260114T171811_20260126T171838_T_G01_M01_C___T011_F160,2026-01-14,25,15,13.097575187683105,-5.627681255340576,27.946104049682617,1.0,2209,0.0,29.275577184246266,34.353405,46.266,49.3819,56.43,58.188553,39.625656
Luki2025,BIO_FP_FH__L2A_20260114T171811_20260126T171838_T_G01_M01_C___T011_F160,2026-01-14,25,16,13.098408699035645,-5.627681255340576,30.081504821777344,1.0,2209,0.0,23.161021849535988,26.70017,42.018524,44.475113,46.85871,49.231735,35.47169
Luki2025,BIO_FP_FH__L2A_20260114T171811_20260126T171838_T_G01_M01_C___T011_F160,2026-01-14,25,17,13.099242210388184,-5.627681255340576,32.369102478027344,1.0,2209,0.0,31.189166654877774,35.800327,50.900337,52.450176,54.57394,56.506054,43.661827
Luki2025,BIO_FP_FH__L2A_20260114T171811_20260126T171838_T_G01_M01_C___T011_F160,2026-01-14,25,18,13.100075721740723,-5.627681255340576,34.42630386352539,0.9999999447395598,2209,0.0,19.073633601267275,13.005687,45.416153,47.01579,48.52629,50.814316,37.44079
Luki2025,BIO_FP_FH__L2A_20260114T171811_20260126T171838_T_G01_M01_C___T011_F160,2026-01-14,25,19,13.100909233093262,-5.627681255340576,37.10056686401367,1.0,2209,0.0,23.754585290289725,24.095648,47.32145,50.489685,55.11626,57.865868,36.64592
Luki2025,BIO_FP_FH__L2A_20260114T171811_20260126T171838_T_G01_M01_C___T011_F160,2026-01-14,25,20,13.1017427444458,-5.627681255340576,39.811767578125,1.0,2209,0.0,27.57000304153463,30.888588,40.677402,42.349133,45.633247,47.64666,35.99225
Luki2025,BIO_FP_FH__L2A_20260114T171811_20260126T171838_T_G01_M01_C___T011_F160,2026-01-14,25,21,13.10257625579834,-5.627681255340576,35.35616683959961,0.9566568605173438,2138,0.0,17.401180987402512,17.20731,32.417576,34.83009,41.74839,45.427177,28.989595
Luki2025,BIO_FP_FH__L2A_20260114T171811_20260126T171838_T_G01_M01_C___T011_F160,2026-01-14,25,22,13.103409767150879,-5.627681255340576,28.836366653442383,1.0,2209,0.0,2.459973757922137,0.5451479,5.793581,12.637226,18.103945,23.246103,4.720108
Luki2025,BIO_FP_FH__L2A_20260114T171811_20260126T171838_T_G01_M01_C___T011_F160,2026-01-14,25,23,13.104243278503418,-5.627681255340576,24.88196563720703,0.9367238671167666,2091,0.0,5.582402767966044,2.989182,15.372038,18.36871,24.881958,29.174917,12.856479
Luki2025,BIO_FP_FH__L2A_20260114T171811_20260126T171838_T_G01_M01_C___T011_F160,2026-01-14,26,14,13.096741676330566,-5.628514766693115,26.993104934692383,0.9596415321553871,2137,0.0,18.08856121539145,15.352375,36.895313,40.837543,49.434086,53.49316,31.127317
Luki2025,BIO_FP_FH__L2A_20260114T171811_20260126T171838_T_G01_M01_C___T011_F160,2026-01-14,26,15,13.097575187683105,-5.628514766693115,29.062105178833008,1.0,2209,0.0,30.294286158895428,35.451168,50.370846,53.07073,56.225883,57.59468,42.066864
Luki2025,BIO_FP_FH__L2A_20260114T171811_20260126T171838_T_G01_M01_C___T011_F160,2026-01-14,26,16,13.098408699035645,-5.628514766693115,30.541704177856445,1.0,2209,0.0,27.794846720801267,32.419434,45.286144,46.9514,49.418133,50.810005,38.694855
Luki2025,BIO_FP_FH__L2A_20260114T171811_20260126T171838_T_G01_M01_C___T011_F160,2026-01-14,26,17,13.099242210388184,-5.628514766693115,32.97830581665039,1.0,2209,0.0,27.47316287771616,32.295506,45.724606,47.379322,48.74617,49.552483,40.258205
Luki2025,BIO_FP_FH__L2A_20260114T171811_20260126T171838_T_G01_M01_C___T011_F160,2026-01-14,26,18,13.100075721740723,-5.628514766693115,36.478702545166016,0.9999998894791196,2209,0.0,34.165007029681384,39.995716,49.15246,50.985264,52.90436,53.997494,43.61062
Luki2025,BIO_FP_FH__L2A_20260114T171811_20260126T171838_T_G01_M01_C___T011_F160,2026-01-14,26,19,13.100909233093262,-5.628514766693115,39.559967041015625,1.0,2209,0.0,29.75524753140561,33.87786,45.559925,47.03885,52.680668,54.059948,41.473488
Luki2025,BIO_FP_FH__L2A_20260114T171811_20260126T171838_T_G01_M01_C___T011_F160,2026-01-14,26,20,13.1017427444458,-5.628514766693115,39.7873649597168,0.9241956621880658,2060,0.0,29.767194122729816,32.36258,41.68426,42.86023,45.143864,49.26454,39.03751
Luki2025,BIO_FP_FH__L2A_20260114T171811_20260126T171838_T_G01_M01_C___T011_F160,2026-01-14,27,15,13.097575187683105,-5.629348278045654,30.814504623413086,1.0,2209,0.0,23.87692571582164,24.126173,45.555367,47.652004,49.27784,50.403687,37.556908
Luki2025,BIO_FP_FH__L2A_20260114T171811_20260126T171838_T_G01_M01_C___T011_F160,2026-01-14,27,16,13.098408699035645,-5.629348278045654,31.577903747558594,1.0,2209,0.0,24.023450762505657,26.937126,41.80921,43.55357,45.04525,47.639633,32.95106
Luki2025,BIO_FP_FH__L2A_20260114T171811_20260126T171838_T_G01_M01_C___T011_F160,2026-01-14,27,17,13.099242210388184,-5.629348278045654,34.02110290527344,1.0,2209,0.0,25.48037149162517,29.18092,44.407394,46.08171,48.295666,50.32819,35.28888
Luki2025,BIO_FP_FH__L2A_20260114T171811_20260126T171838_T_G01_M01_C___T011_F160,2026-01-14,27,18,13.100075721740723,-5.629348278045654,37.579105377197266,1.0,2209,0.0,17.499958444148938,7.8333955,45.262814,47.664745,50.528244,52.769318,33.383125
Luki2025,BIO_FP_FH__L2A_20260114T171811_20260126T171838_T_G01_M01_C___T011_F160,2026-01-14,27,19,13.100909233093262,-5.629348278045654,40.92216491699219,1.0,2209,0.0,23.877788662856496,25.234255,43.39788,46.56963,53.184395,56.227257,36.19602
Luki2025,BIO_FP_FH__L2A_20260114T171811_20260126T171838_T_G01_M01_C___T011_F160,2026-01-14,28,14,13.096741676330566,-5.630181789398193,31.32090187072754,0.9008209380481835,2035,0.0,19.302827964592673,14.2522745,40.72744,44.556995,48.877617,50.55385,33.94614
Luki2025,BIO_FP_FH__L2A_20260114T171811_20260126T171838_T_G01_M01_C___T011_F160,2026-01-14,28,15,13.097575187683105,-5.630181789398193,34.065101623535156,1.0000001105208804,2209,0.0,26.462612724378086,28.97455,44.99226,46.669296,48.13453,49.31145,39.644516
Luki2025,BIO_FP_FH__L2A_20260114T171811_20260126T171838_T_G01_M01_C___T011_F160,2026-01-14,28,16,13.098408699035645,-5.630181789398193,35.22970199584961,0.9999999171093397,2209,0.0,20.027560262689367,17.573412,40.700577,43.91417,45.500263,46.461082,31.098715
Luki2025,BIO_FP_FH__L2A_20260114T171811_20260126T171838_T_G01_M01_C___T011_F160,2026-01-14,28,17,13.099242210388184,-5.630181789398193,37.179901123046875,0.9999999171093397,2209,0.3431999981403351,20.185499034834887,11.327517,48.65243,54.25038,56.253162,58.87676,38.181217
Luki2025,BIO_FP_FH__L2A_20260114T171811_20260126T171838_T_G01_M01_C___T011_F160,2026-01-14,28,18,13.100075721740723,-5.630181789398193,40.0885009765625,0.9999998065884591,2209,0.31779998540878296,25.96292747654339,25.451025,51.26836,53.246616,56.00083,57.174103,42.695923
Luki2025,BIO_FP_FH__L2A_20260114T171811_20260126T171838_T_G01_M01_C___T011_F160,2026-01-14,28,19,13.100909233093262,-5.630181789398193,42.38459014892578,1.0,2209,0.21459999680519104,26.828017131620644,26.405521,46.036224,47.526703,49.778046,52.765656,40.948105
Luki2025,BIO_FP_FH__L2A_20260114T171811_20260126T171838_T_G01_M01_C___T011_F160,2026-01-14,29,14,13.096741676330566,-5.631015300750732,33.42150115966797,0.9076267033478101,2059,0.0,18.638577459359716,9.4671545,49.4686,51.756916,55.157043,56.949154,36.247734
Luki2025,BIO_FP_FH__L2A_20260114T171811_20260126T171838_T_G01_M01_C___T011_F160,2026-01-14,29,15,13.097575187683105,-5.631015300750732,36.3733024597168,1.0,2209,0.0,25.009292595631507,17.611578,53.23256,55.35604,59.00252,61.19368,43.47972
Luki2025,BIO_FP_FH__L2A_20260114T171811_20260126T171838_T_G01_M01_C___T011_F160,2026-01-14,29,16,13.098408699035645,-5.631015300750732,39.122100830078125,1.0,2209,0.11879999935626984,15.956172723800362,5.5003843,48.22054,51.42376,53.707417,60.147034,33.27981
Luki2025,BIO_FP_FH__L2A_20260114T171811_20260126T171838_T_G01_M01_C___T011_F160,2026-01-14,29,17,13.099242210388184,-5.631015300750732,41.3291015625,1.0000001934115408,2209,0.4869999885559082,20.727023563019532,13.309809,49.538383,52.121655,55.00436,56.355263,39.32791
Luki2025,BIO_FP_FH__L2A_20260114T171811_20260126T171838_T_G01_M01_C___T011_F160,2026-01-14,29,18,13.100075721740723,-5.631015300750732,43.44350051879883,1.0,2209,0.8187999725341797,20.03171949270032,17.002687,45.366764,48.30948,51.252144,52.827126,33.51616
Luki2025,BIO_FP_FH__L2A_20260114T171811_20260126T171838_T_G01_M01_C___T011_F160,2026-01-14,30,14,13.096741676330566,-5.6318488121032715,34.972900390625,0.9384725561180822,2111,0.0,20.65529728616197,13.641652,50.230965,52.822662,56.009804,58.428833,45.108326
Luki2025,BIO_FP_FH__L2A_20260114T171811_20260126T171838_T_G01_M01_C___T011_F160,2026-01-14,30,15,13.097575187683105,-5.6318488121032715,37.91189956665039,1.0,2209,0.0,28.363100879923042,33.114765,48.109753,50.220875,52.77515,53.89799,43.622272
Luki2025,BIO_FP_FH__L2A_20260114T171811_20260126T171838_T_G01_M01_C___T011_F160,2026-01-14,30,16,13.098408699035645,-5.6318488121032715,39.20949935913086,1.0,2209,0.25099998712539673,29.006857599592575,30.809502,52.24965,53.575794,55.735455,56.83123,43.420425
Luki2025,BIO_FP_FH__L2A_20260114T171811_20260126T171838_T_G01_M01_C___T011_F160,2026-01-14,30,17,13.099242210388184,-5.6318488121032715,40.77429962158203,0.9999999723697799,2209,0.616599977016449,29.34467034452537,28.028065,50.524204,52.502373,54.908028,56.308563,45.297695
Luki2025,BIO_FP_FH__L2A_20260114T171811_20260126T171838_T_G01_M01_C___T011_F160,2026-01-14,30,18,13.100075721740723,-5.6318488121032715,43.98430252075195,0.9936566540643391,2203,0.9878000020980835,31.727701687160323,35.06384,49.941544,51.52283,53.49774,55.015415,44.729614
Luki2025,BIO_FP_FH__L2A_20260114T171811_20260126T171838_T_G01_M01_C___T011_F160,2026-01-14,31,14,13.096741676330566,-5.6326823234558105,35.727500915527344,0.9099755483604006,2079,0.0,19.90808836612592,16.201096,41.9576,44.30321,48.211815,50.170742,32.521263
Luki2025,BIO_FP_FH__L2A_20260114T171811_20260126T171838_T_G01_M01_C___T011_F160,2026-01-14,31,15,13.097575187683105,-5.6326823234558105,38.90610122680664,1.0,2209,0.0,23.06216490069036,24.98201,41.115494,42.935867,47.61215,48.94029,34.85577
Luki2025,BIO_FP_FH__L2A_20260114T171811_20260126T171838_T_G01_M01_C___T011_F160,2026-01-14,31,16,13.098408699035645,-5.6326823234558105,39.81890106201172,1.0,2209,0.3776000142097473,29.69780850356496,31.471716,45.929955,47.23343,49.10463,52.186394,38.878853
Luki2025,BIO_FP_FH__L2A_20260114T171811_20260126T171838_T_G01_M01_C___T011_F160,2026-01-14,31,17,13.099242210388184,-5.6326823234558105,40.4281005859375,1.0,2209,0.7472000122070312,26.04860000990267,26.492233,46.230457,48.864613,53.08476,55.02367,41.83502
Luki2025,BIO_FP_FH__L2A_20260114T171811_20260126T171838_T_G01_M01_C___T011_F160,2026-01-14,32,15,13.097575187683105,-5.63351583480835,37.66170120239258,0.9977675334745643,2209,0.0,30.199506871198608,35.423183,49.184483,50.684868,52.491356,53.741707,46.02279
Luki2025,BIO_FP_FH__L2A_20260114T171811_20260126T171838_T_G01_M01_C___T011_F160,2026-01-14,32,16,13.098408699035645,-5.63351583480835,37.28230285644531,0.9999836429096877,2209,0.0017999999690800905,27.004864324558273,32.284977,44.32584,45.524048,47.338947,48.73571,38.609962
Luki2025,BIO_FP_FH__L2A_20260114T171811_20260126T171838_T_G01_M01_C___T011_F160,2026-01-14,32,17,13.099242210388184,-5.63351583480835,38.50290298461914,0.9493330838508658,2119,0.4690000116825104,19.604739740429924,18.12394,40.95953,43.598583,46.25835,47.48559,36.443695
